-- ==============================================
-- FILE: a_small_cleaup.sql
-- GENERATED: 20260626153218
-- ==============================================
DELETE FROM `creature`
WHERE `guid` IN (44168, 44167, 42632, 42621, 81613, 81614, 81616, 81617, 81620, 81621, 81622, 81623, 81625, 81634, 81635, 81636);

-- ==============================================
-- FILE: broadcast_text_zf.sql
-- GENERATED: 20260626153218
-- ==============================================
INSERT INTO `broadcast_text`
(
    `entry`,
    `male_text`,
    `female_text`,
    `chat_type`,
    `sound_id`,
    `language_id`,
    `emote_id1`,
    `emote_id2`,
    `emote_id3`,
    `emote_delay1`,
    `emote_delay2`,
    `emote_delay3`
)
VALUES
(4184501, 'Take the Flame of Farrak.', 'Take the Flame of Farrak.', 0, 0, 0, 0, 0, 0, 0, 0, 0),
(4184502, '<The flame glows hot, crackling with ancient magic.>', '<The flame glows hot, crackling with ancient magic.>', 0, 0, 0, 0, 0, 0, 0, 0, 0),
(6249803, 'You challenge me? You''ll have to beat my best warriors first.', 'You challenge me? You''ll have to beat my best warriors first.', 1, 0, 0, 0, 0, 0, 0, 0, 0),
(6249804, 'I am Razjal, champion of Zul''Farrak, who you be mon?', 'I am Razjal, champion of Zul''Farrak, who you be mon?', 1, 60517, 0, 0, 0, 0, 0, 0, 0),
(6249805, 'Be consumed by the sand!', 'Be consumed by the sand!', 1, 60519, 0, 0, 0, 0, 0, 0, 0),
(6249806, 'I am the only champion, not you, not anyone!', 'I am the only champion, not you, not anyone!', 1, 60518, 0, 0, 0, 0, 0, 0, 0),
(6249601, 'I shall crush your bones..', 'I shall crush your bones..', 1, 60515, 0, 0, 0, 0, 0, 0, 0),
(6249701, 'I be elusive... You cannot escape me!', 'I be elusive... You cannot escape me!', 1, 60516, 0, 0, 0, 0, 0, 0, 0),
(6249501, 'These halls be sacred, you shall be banished from them.', 'These halls be sacred, you shall be banished from them.', 12, 60512, 0, 0, 0, 0, 0, 0, 0),
(6249502, 'I shall live forever!', 'I shall live forever!', 12, 60513, 0, 0, 0, 0, 0, 0, 0),
(6249503, 'No! Once more I return to sand...', 'No! Once more I return to sand...', 12, 60514, 0, 0, 0, 0, 0, 0, 0),
(6249504, 'Zel''jeb the Ancient calls upon the ancestors of Zul''Farrak!', 'Zel''jeb the Ancient calls upon the ancestors of Zul''Farrak!', 0, 0, 0, 0, 0, 0, 0, 0, 0);

-- ==============================================
-- FILE: creature_addon_zf.sql
-- GENERATED: 20260626153218
-- ==============================================
INSERT INTO `creature_addon`
(
    `guid`,
    `display_id`,
    `mount_display_id`,
    `equipment_id`,
    `stand_state`,
    `sheath_state`,
    `emote_state`,
    `auras`
)
VALUES
(2589544, 0, -1, -1, 0, 1, 69, NULL);

-- ==============================================
-- FILE: creature_ai_events_zf.sql
-- GENERATED: 20260626153218
-- ==============================================
INSERT INTO `creature_ai_events`
(
    `id`,
    `creature_id`,
    `condition_id`,
    `event_type`,
    `event_inverse_phase_mask`,
    `event_chance`,
    `event_flags`,
    `event_param1`,
    `event_param2`,
    `event_param3`,
    `event_param4`,
    `action1_script`,
    `action2_script`,
    `action3_script`,
    `comment`
)
VALUES
(6249501, 62495, 0, 4, 0, 100, 0, 0, 0, 0, 0, 6249501, 0, 0, 'Zel''jeb the Ancient - Yell on aggro'),
(6249502, 62495, 0, 2, 0, 100, 0, 50, 0, 0, 0, 6249502, 0, 0, 'Zel''jeb the Ancient - Curse of Years at 50% health'),
(6249503, 62495, 0, 6, 0, 100, 0, 0, 0, 0, 0, 6249503, 0, 0, 'Zel''jeb the Ancient - Yell on death');

-- ==============================================
-- FILE: creature_ai_scripts_zf.sql
-- GENERATED: 20260626153218
-- ==============================================
INSERT INTO `creature_ai_scripts`
(
    `id`,
    `delay`,
    `priority`,
    `command`,
    `datalong`,
    `datalong2`,
    `datalong3`,
    `datalong4`,
    `target_param1`,
    `target_param2`,
    `target_type`,
    `data_flags`,
    `dataint`,
    `dataint2`,
    `dataint3`,
    `dataint4`,
    `x`,
    `y`,
    `z`,
    `o`,
    `condition_id`,
    `comments`
)
VALUES
(6249501, 0, 0, 0, 1, 0, 0, 0, 0, 0, 0, 0, 6249501, 0, 0, 0, 0, 0, 0, 0, 0, 'Zel''jeb the Ancient - Aggro line'),
(6249502, 0, 0, 0, 1, 0, 0, 0, 0, 0, 0, 0, 6249502, 0, 0, 0, 0, 0, 0, 0, 0, 'Zel''jeb the Ancient - 50% line'),
(6249502, 0, 1, 0, 3, 0, 0, 0, 0, 0, 0, 0, 6249504, 0, 0, 0, 0, 0, 0, 0, 0, 'Zel''jeb the Ancient - 50% boss emote'),
(6249502, 0, 2, 15, 52695, 0, 0, 0, 0, 0, 0, 4, 0, 0, 0, 0, 0, 0, 0, 0, 0, 'Zel''jeb the Ancient - Cast Curse of Years'),
(6249503, 0, 0, 0, 1, 0, 0, 0, 0, 0, 0, 0, 6249503, 0, 0, 0, 0, 0, 0, 0, 0, 'Zel''jeb the Ancient - Death line');

-- ==============================================
-- FILE: creature_equip_template_zf.sql
-- GENERATED: 20260626153218
-- ==============================================
INSERT INTO `creature_equip_template`
(
    `entry`,
    `equipentry1`,
    `equipentry2`,
    `equipentry3`
)
VALUES
(20736, 3201, 0, 0),
(20737, 4826, 37, 0),
(20738, 2754, 0, 0),
(20739, 14845, 0, 0);

-- ==============================================
-- FILE: creature_movement_zf.sql
-- GENERATED: 20260626153218
-- ==============================================
INSERT INTO `creature_movement`
(
    `id`,
    `point`,
    `position_x`,
    `position_y`,
    `position_z`,
    `orientation`,
    `waittime`,
    `wander_distance`,
    `script_id`
)
VALUES
(2589524, 1, 1650.050049, 1276.550049, 10.558934, 0, 0, 0, 0),
(2589524, 2, 1643.22998, 1285.119995, 10.432566, 0, 0, 0, 0),
(2589524, 3, 1637.300049, 1292.530029, 9.955088, 0, 0, 0, 0),
(2589524, 4, 1633.910034, 1296.540039, 9.693628, 0, 0, 0, 0),
(2589524, 5, 1639.339966, 1290.390015, 9.874867, 0, 0, 0, 0),
(2589524, 6, 1643.089966, 1286.140015, 10.374867, 0, 0, 0, 0),
(2589524, 7, 1647.949951, 1279.699951, 10.845134, 0, 0, 0, 0),
(2589524, 8, 1653.290039, 1272.400024, 10.586098, 0, 0, 0, 0),
(2589524, 9, 1659.030029, 1264.98999, 10.638196, 0, 0, 0, 0),
(2589524, 10, 1654.97998, 1270.079956, 10.585804, 0, 0, 0, 0),
(2589524, 11, 1650.050049, 1276.550049, 10.558934, 0, 0, 0, 0),
(2589537, 1, 1623.73999, 1359.709961, 0.802739, 0, 0, 0, 0),
(2589537, 2, 1620.73999, 1354.709961, 0.802739, 0, 0, 0, 0),
(2589537, 3, 1614.579956, 1349.300049, 2.006673, 0, 0, 0, 0),
(2589537, 4, 1611.209961, 1345.290039, 3.374315, 0, 0, 0, 0),
(2589537, 5, 1608.550049, 1339.709961, 5.123525, 0, 0, 0, 0),
(2589537, 6, 1608.52002, 1334.449951, 6.552625, 0, 0, 0, 0),
(2589537, 7, 1610.390015, 1328.939941, 7.820554, 0, 0, 0, 0),
(2589537, 8, 1613.670044, 1322.849976, 9.726959, 0, 0, 0, 0),
(2589537, 9, 1610.040039, 1328.47998, 7.694617, 0, 0, 0, 0),
(2589537, 10, 1608.459961, 1335.380005, 6.252012, 0, 0, 0, 0),
(2589537, 11, 1609.5, 1341.459961, 4.72552, 0, 0, 0, 0),
(2589537, 12, 1611.75, 1346.209961, 2.97552, 0, 0, 0, 0),
(2589537, 13, 1617.640015, 1351.900024, 0.833365, 0, 0, 0, 0),
(2589537, 14, 1626.550049, 1354.459961, 0.765343, 0, 0, 0, 0),
(2589537, 15, 1634.640015, 1354.449951, 0.611369, 0, 0, 0, 0),
(2589537, 16, 1644.280029, 1353.189941, 0.347306, 0, 0, 0, 0),
(2589537, 17, 1649.26001, 1355.619995, 0.248749, 0, 0, 0, 0),
(2589537, 18, 1658.369995, 1361.540039, -0.269698, 0, 0, 0, 0),
(2589537, 19, 1660.780029, 1367.430054, -0.100234, 0, 0, 0, 0),
(2589537, 20, 1659.130005, 1373.380005, -0.027723, 0, 0, 0, 0),
(2589537, 21, 1652.76001, 1373.969971, 0.376101, 0, 0, 0, 0),
(2589537, 22, 1643.380005, 1372.050049, 0.693197, 0, 0, 0, 0),
(2589537, 23, 1633.111572, 1369.9104, 0.762391, 0, 0, 0, 0),
(2589537, 24, 1626.199951, 1363.219971, 0.733365, 0, 0, 0, 0),
(2589537, 25, 1623.73999, 1359.709961, 0.802739, 0, 0, 0, 0),
(2589547, 1, 1650.140015, 1393.47998, -0.066635, 0, 0, 0, 0),
(2589547, 2, 1644.25, 1396.810059, -0.096895, 0, 0, 0, 0),
(2589547, 3, 1655.5, 1390.199951, -0.066635, 0, 0, 0, 0),
(2589547, 4, 1662.040039, 1384.819946, -0.151754, 0, 0, 0, 0),
(2589547, 5, 1670.839966, 1380.410034, -0.244883, 0, 0, 0, 0),
(2589547, 6, 1674.790039, 1385.410034, -0.206144, 0, 0, 0, 0),
(2589547, 7, 1680.420044, 1392.630005, -0.102857, 0, 0, 0, 0),
(2589547, 8, 1688.099976, 1402.040039, -0.266635, 0, 0, 0, 0),
(2589547, 9, 1696.719971, 1408.400024, -0.366635, 0, 0, 0, 0),
(2589547, 10, 1699.51001, 1418.290039, -0.366635, 0, 0, 0, 0),
(2589547, 11, 1702.47998, 1413.25, -0.366635, 0, 0, 0, 0),
(2589547, 12, 1707.680054, 1404.22998, -0.597518, 0, 0, 0, 0),
(2589547, 13, 1712.47998, 1394.359985, -0.716994, 0, 0, 0, 0),
(2589547, 14, 1713.819946, 1389.51001, -0.866635, 0, 0, 0, 0),
(2589547, 15, 1711.77002, 1395.380005, -0.666635, 0, 0, 0, 0),
(2589547, 16, 1707.969971, 1403.22998, -0.451837, 0, 0, 0, 0),
(2589547, 17, 1700.560059, 1409.48999, -0.366635, 0, 0, 0, 0),
(2589547, 18, 1692.869995, 1405.680054, -0.314853, 0, 0, 0, 0),
(2589547, 19, 1685.859985, 1399.26001, 0.149406, 0, 0, 0, 0),
(2589547, 20, 1680.219971, 1392.26001, 0.055881, 0, 0, 0, 0),
(2589547, 21, 1672.410034, 1383.140015, -0.239312, 0, 0, 0, 0),
(2589547, 22, 1662.928467, 1384.296143, -0.128308, 0, 0, 0, 0),
(2589547, 23, 1656.390015, 1389.219971, -0.066635, 0, 0, 0, 0),
(2589547, 24, 1651.890015, 1392.47998, -0.066635, 0, 0, 0, 0),
(2589547, 25, 1650.140015, 1393.47998, -0.066635, 0, 0, 0, 0);

-- ==============================================
-- FILE: creature_spells_zf.sql
-- GENERATED: 20260626153218
-- ==============================================
INSERT INTO `creature_spells`
(
    `entry`,
    `name`,
    `spellId_1`,
    `probability_1`,
    `castTarget_1`,
    `targetParam1_1`,
    `targetParam2_1`,
    `castFlags_1`,
    `delayInitialMin_1`,
    `delayInitialMax_1`,
    `delayRepeatMin_1`,
    `delayRepeatMax_1`,
    `scriptId_1`,
    `spellId_2`,
    `probability_2`,
    `castTarget_2`,
    `targetParam1_2`,
    `targetParam2_2`,
    `castFlags_2`,
    `delayInitialMin_2`,
    `delayInitialMax_2`,
    `delayRepeatMin_2`,
    `delayRepeatMax_2`,
    `scriptId_2`,
    `spellId_3`,
    `probability_3`,
    `castTarget_3`,
    `targetParam1_3`,
    `targetParam2_3`,
    `castFlags_3`,
    `delayInitialMin_3`,
    `delayInitialMax_3`,
    `delayRepeatMin_3`,
    `delayRepeatMax_3`,
    `scriptId_3`,
    `spellId_4`,
    `probability_4`,
    `castTarget_4`,
    `targetParam1_4`,
    `targetParam2_4`,
    `castFlags_4`,
    `delayInitialMin_4`,
    `delayInitialMax_4`,
    `delayRepeatMin_4`,
    `delayRepeatMax_4`,
    `scriptId_4`,
    `spellId_5`,
    `probability_5`,
    `castTarget_5`,
    `targetParam1_5`,
    `targetParam2_5`,
    `castFlags_5`,
    `delayInitialMin_5`,
    `delayInitialMax_5`,
    `delayRepeatMin_5`,
    `delayRepeatMax_5`,
    `scriptId_5`,
    `spellId_6`,
    `probability_6`,
    `castTarget_6`,
    `targetParam1_6`,
    `targetParam2_6`,
    `castFlags_6`,
    `delayInitialMin_6`,
    `delayInitialMax_6`,
    `delayRepeatMin_6`,
    `delayRepeatMax_6`,
    `scriptId_6`,
    `spellId_7`,
    `probability_7`,
    `castTarget_7`,
    `targetParam1_7`,
    `targetParam2_7`,
    `castFlags_7`,
    `delayInitialMin_7`,
    `delayInitialMax_7`,
    `delayRepeatMin_7`,
    `delayRepeatMax_7`,
    `scriptId_7`,
    `spellId_8`,
    `probability_8`,
    `castTarget_8`,
    `targetParam1_8`,
    `targetParam2_8`,
    `castFlags_8`,
    `delayInitialMin_8`,
    `delayInitialMax_8`,
    `delayRepeatMin_8`,
    `delayRepeatMax_8`,
    `scriptId_8`
)
VALUES
(62496, 'Kath''zen the Brutal', 21553, 100, 1, 0, 0, 0, 0, 3, 20, 25, 0, 16095, 100, 1, 0, 0, 0, 0, 3, 15, 20, 0, 0, 100, 1, 0, 0, 0, 0, 0, 0, 0, 0, 0, 100, 1, 0, 0, 0, 0, 0, 0, 0, 0, 0, 100, 1, 0, 0, 0, 0, 0, 0, 0, 0, 0, 100, 1, 0, 0, 0, 0, 0, 0, 0, 0, 0, 100, 1, 0, 0, 0, 0, 0, 0, 0, 0, 0, 100, 1, 0, 0, 0, 0, 0, 0, 0, 0),
(62497, 'Juthza the Cunning', 6533, 100, 1, 0, 0, 0, 2, 4, 10, 15, 0, 12540, 100, 1, 0, 0, 0, 5, 8, 15, 20, 0, 15656, 100, 1, 0, 0, 0, 5, 8, 10, 15, 0, 0, 100, 1, 0, 0, 0, 0, 0, 0, 0, 0, 0, 100, 1, 0, 0, 0, 0, 0, 0, 0, 0, 0, 100, 1, 0, 0, 0, 0, 0, 0, 0, 0, 0, 100, 1, 0, 0, 0, 0, 0, 0, 0, 0, 0, 100, 1, 0, 0, 0, 0, 0, 0, 0, 0),
(62498, 'Champion Razjal the Quick', 22886, 100, 1, 0, 0, 0, 0, 0, 20, 25, 0, 0, 100, 1, 0, 0, 0, 0, 0, 0, 0, 0, 0, 100, 1, 0, 0, 0, 0, 0, 0, 0, 0, 0, 100, 1, 0, 0, 0, 0, 0, 0, 0, 0, 0, 100, 1, 0, 0, 0, 0, 0, 0, 0, 0, 0, 100, 1, 0, 0, 0, 0, 0, 0, 0, 0, 0, 100, 1, 0, 0, 0, 0, 0, 0, 0, 0, 0, 100, 1, 0, 0, 0, 0, 0, 0, 0, 0),
(62500, 'Sandfury Ritualist', 18270, 100, 1, 0, 0, 0, 0, 0, 90, 90, 0, 10392, 100, 1, 0, 0, 0, 1, 3, 7, 10, 0, 0, 100, 1, 0, 0, 0, 0, 0, 0, 0, 0, 0, 100, 1, 0, 0, 0, 0, 0, 0, 0, 0, 0, 100, 1, 0, 0, 0, 0, 0, 0, 0, 0, 0, 100, 1, 0, 0, 0, 0, 0, 0, 0, 0, 0, 100, 1, 0, 0, 0, 0, 0, 0, 0, 0, 0, 100, 1, 0, 0, 0, 0, 0, 0, 0, 0),
(62495, 'Zel''jeb the Ancient', 8147, 100, 1, 0, 0, 0, 1, 5, 10, 15, 0, 22678, 100, 4, 0, 0, 0, 5, 7, 20, 25, 0, 11876, 100, 1, 0, 0, 0, 8, 13, 30, 35, 0, 0, 100, 1, 0, 0, 0, 0, 0, 0, 0, 0, 0, 100, 1, 0, 0, 0, 0, 0, 0, 0, 0, 0, 100, 1, 0, 0, 0, 0, 0, 0, 0, 0, 0, 100, 1, 0, 0, 0, 0, 0, 0, 0, 0, 0, 100, 1, 0, 0, 0, 0, 0, 0, 0, 0);

-- ==============================================
-- FILE: creature_template_update_zf.sql
-- GENERATED: 20260626153218
-- ==============================================
UPDATE `creature_template`
SET `scale` = 1.20000004768372,
    `dmg_min` = 290.639526,
    `dmg_max` = 373.833771,
    `attack_power` = 176,
    `base_attack_time` = 1258,
    `ranged_attack_time` = 1384,
    `unit_class` = 2,
    `unit_flags` = 32768,
    `ranged_dmg_min` = 54.739967,
    `ranged_dmg_max` = 75.267456,
    `ranged_attack_power` = 110,
    `spell_list_id` = `entry`,
    `auras` = 52694
WHERE `entry` = 62495;

UPDATE `creature_template`
SET `scale` = 1,
    `dmg_min` = 298.218384,
    `dmg_max` = 383.582031,
    `attack_power` = 174,
    `base_attack_time` = 1258,
    `ranged_attack_time` = 1384,
    `unit_class` = 1,
    `unit_flags` = 32768,
    `ranged_dmg_min` = 56.972084,
    `ranged_dmg_max` = 78.336617,
    `ranged_attack_power` = 124,
    `spell_list_id` = `entry`,
    `ai_name` = '',
    `script_name` = 'npc_kathzen_the_brutal'
WHERE `entry` = 62496;

UPDATE `creature_template`
SET `scale` = 1,
    `dmg_min` = 304.428864,
    `dmg_max` = 391.570221,
    `attack_power` = 184,
    `base_attack_time` = 1258,
    `ranged_attack_time` = 1384,
    `unit_class` = 1,
    `unit_flags` = 32768,
    `ranged_dmg_min` = 57.609829,
    `ranged_dmg_max` = 79.213516,
    `ranged_attack_power` = 128,
    `spell_list_id` = `entry`,
    `ai_name` = '',
    `script_name` = 'npc_juthza_the_cunning'
WHERE `entry` = 62497;

UPDATE `creature_template`
SET `scale` = 1,
    `dmg_min` = 298.859009,
    `dmg_max` = 384.406006,
    `attack_power` = 188,
    `base_attack_time` = 1258,
    `ranged_attack_time` = 1384,
    `unit_class` = 1,
    `unit_flags` = 32768,
    `ranged_dmg_min` = 57.928699,
    `ranged_dmg_max` = 79.651962,
    `ranged_attack_power` = 130,
    `spell_list_id` = `entry`,
    `ai_name` = '',
    `script_name` = 'npc_champion_razjal_the_quick'
WHERE `entry` = 62498;

UPDATE `creature_template`
SET `scale` = 1,
    `dmg_min` = 108.061287,
    `dmg_max` = 131.699692,
    `attack_power` = 184,
    `base_attack_time` = 2000,
    `ranged_attack_time` = 2000,
    `unit_class` = 1,
    `unit_flags` = 32768,
    `ranged_dmg_min` = 63.988953,
    `ranged_dmg_max` = 87.98481,
    `ranged_attack_power` = 128
WHERE `entry` = 62499;

UPDATE `creature_template`
SET `scale` = 1,
    `dmg_min` = 293.532806,
    `dmg_max` = 377.555206,
    `attack_power` = 176,
    `base_attack_time` = 2000,
    `ranged_attack_time` = 2000,
    `unit_class` = 2,
    `unit_flags` = 32768,
    `ranged_dmg_min` = 54.739967,
    `ranged_dmg_max` = 75.267456,
    `ranged_attack_power` = 110,
    `spell_list_id` = `entry`
WHERE `entry` = 62500;

-- ==============================================
-- FILE: creature_zf.sql
-- GENERATED: 20260626153218
-- ==============================================
INSERT INTO `creature`
(
    `guid`,
    `id`,
    `id2`,
    `id3`,
    `id4`,
    `map`,
    `position_x`,
    `position_y`,
    `position_z`,
    `orientation`,
    `spawntimesecsmin`,
    `spawntimesecsmax`,
    `wander_distance`,
    `health_percent`,
    `mana_percent`,
    `movement_type`,
    `spawn_flags`,
    `visibility_mod`
)
VALUES
(42621, 8095, 0, 0, 0, 209, 1537.345093, 893.642334, 12.571139, -2.13272523880005, 86400, 86400, 5, 100, 100, 1, 0, 0),
(42632, 7246, 0, 0, 0, 209, 1518.911621, 915.9552, 22.566479, 1.20228159427643, 86400, 86400, 5, 100, 100, 1, 0, 0),
(44167, 7269, 0, 0, 0, 209, 1518.666626, 943.19989, 12.234981, 2.92890310287476, 86400, 86400, 0, 100, 100, 0, 0, 0),
(44168, 5649, 0, 0, 0, 209, 1525.196899, 935.29126, 12.506185, -2.16749930381775, 86400, 86400, 5, 100, 100, 1, 0, 0),
(81614, 7269, 0, 0, 0, 209, 1554.504883, 1019.730591, 12.679497, 1.53549528121948, 86400, 86400, 5, 100, 100, 1, 0, 0),
(81622, 7269, 0, 0, 0, 209, 1510.967529, 998.360413, 12.237113, 0.113789483904839, 86400, 86400, 5, 100, 100, 1, 0, 0),
(81625, 7269, 0, 0, 0, 209, 1512.266724, 1030.593872, 12.14019, 2.65565037727356, 86400, 86400, 5, 100, 100, 1, 0, 0),
(81635, 5649, 0, 0, 0, 209, 1455.149536, 945.7453, 28.001686, 2.86040353775024, 86400, 86400, 5, 100, 100, 1, 0, 0),
(2589524, 62500, 0, 0, 0, 209, 1650.050049, 1276.550049, 10.558934, -0.847635805606842, 86400, 86400, 0, 100, 100, 2, 0, 0),
(2589526, 62498, 0, 0, 0, 209, 1483.079956, 1011.049988, 12.1463, 0.18436099588871002, 86400, 86400, 0, 100, 100, 0, 0, 0),
(2589527, 62497, 0, 0, 0, 209, 1484.98999, 1029.150024, 12.1462, 5.894989967346191, 86400, 86400, 0, 100, 100, 0, 0, 0),
(2589528, 62496, 0, 0, 0, 209, 1490.75, 993.622009, 12.1462, 0.7506269812583923, 86400, 86400, 0, 100, 100, 0, 0, 0),
(2589533, 7246, 0, 0, 0, 209, 1621.819946, 1304.069946, 9.35354, 5.405250072479248, 86400, 86400, 0, 100, 100, 0, 0, 0),
(2589534, 5649, 0, 0, 0, 209, 1622.359985, 1300.790039, 9.32312, 1.3258899450302124, 86400, 86400, 0, 100, 100, 0, 0, 0),
(2589535, 5650, 0, 0, 0, 209, 1624.849976, 1302.5, 9.27685, 3.292530059814453, 86400, 86400, 0, 100, 100, 0, 0, 0),
(2589536, 62500, 0, 0, 0, 209, 1620.030029, 1319.880005, 9.39558, 5.3620500564575195, 86400, 86400, 0, 100, 100, 0, 0, 0),
(2589537, 7268, 0, 0, 0, 209, 1623.73999, 1359.709961, 0.802739, 1.91515052318573, 86400, 86400, 0, 100, 100, 2, 0, 0),
(2589538, 62500, 0, 0, 0, 209, 1628.22998, 1358.319946, 0.169761, 2.1741299629211426, 86400, 86400, 0, 100, 100, 0, 0, 0),
(2589539, 7246, 0, 0, 0, 209, 1628.119995, 1360.380005, 0.2277, 4.125850200653076, 86400, 86400, 0, 100, 100, 0, 0, 0),
(2589540, 62500, 0, 0, 0, 209, 1626.47998, 1380.680054, 0.020633, 5.7217698097229, 86400, 86400, 0, 100, 100, 0, 0, 0),
(2589541, 7246, 0, 0, 0, 209, 1660.109985, 1370.310059, -0.758141, 1.7604999542236328, 86400, 86400, 0, 100, 100, 0, 0, 0),
(2589542, 62500, 0, 0, 0, 209, 1658.630005, 1372.109985, -0.791232, 6.09197998046875, 86400, 86400, 0, 100, 100, 0, 0, 0),
(2589543, 5649, 0, 0, 0, 209, 1660.97998, 1372.079956, -0.944851, 3.4177000522613525, 86400, 86400, 0, 100, 100, 0, 0, 0),
(2589544, 62500, 0, 0, 0, 209, 1632.579956, 1401.459961, -0.155975, 2.771630048751831, 86400, 86400, 0, 100, 100, 0, 0, 0),
(2589545, 7268, 0, 0, 0, 209, 1630.280029, 1393.920044, -0.384157, 0.5371760129928589, 86400, 86400, 0, 100, 100, 0, 0, 0),
(2589546, 7268, 0, 0, 0, 209, 1634.97998, 1408.430054, -0.555517, 5.025730133056641, 86400, 86400, 0, 100, 100, 0, 0, 0),
(2589547, 7268, 0, 0, 0, 209, 1650.140015, 1393.47998, -0.066635, -2.6236066818237305, 86400, 86400, 0, 100, 100, 2, 0, 0),
(2589548, 5649, 0, 0, 0, 209, 1684.790039, 1401.719971, -0.783727, 4.421539783477783, 86400, 86400, 0, 100, 100, 0, 0, 0),
(2589549, 5649, 0, 0, 0, 209, 1687.930054, 1398.560059, -0.825564, 3.6518499851226807, 86400, 86400, 0, 100, 100, 0, 0, 0),
(2589550, 62500, 0, 0, 0, 209, 1688.76001, 1352.339966, -3.69883, 5.4830098152160645, 86400, 86400, 0, 100, 100, 0, 0, 0),
(2589551, 7247, 0, 0, 0, 209, 1689.839966, 1348.640015, -3.69883, 1.3109699487686157, 86400, 86400, 0, 100, 100, 0, 0, 0),
(2589552, 5649, 0, 0, 0, 209, 1692.23999, 1351.420044, -3.69883, 3.6577401161193848, 86400, 86400, 0, 100, 100, 0, 0, 0),
(2589553, 62500, 0, 0, 0, 209, 1711.849976, 1375.050049, -1.00498, 0.48534101247787476, 86400, 86400, 0, 100, 100, 0, 0, 0),
(2589554, 62500, 0, 0, 0, 209, 1715.880005, 1381.359985, -1.02734, 4.723909854888916, 86400, 86400, 0, 100, 100, 0, 0, 0),
(2589555, 62500, 0, 0, 0, 209, 1719.52002, 1374.900024, -0.893592, 2.5587899684906006, 86400, 86400, 0, 100, 100, 0, 0, 0),
(2589556, 7268, 0, 0, 0, 209, 1716.180054, 1429.670044, -0.90437, 3.157829999923706, 86400, 86400, 0, 100, 100, 0, 0, 0),
(2589557, 7268, 0, 0, 0, 209, 1715.079956, 1434.77002, -0.923761, 3.4327199459075928, 86400, 86400, 0, 100, 100, 0, 0, 0),
(2589558, 7246, 0, 0, 0, 209, 1692.630005, 1423.560059, -0.949104, 6.165900230407715, 86400, 86400, 0, 100, 100, 0, 0, 0),
(2589559, 62500, 0, 0, 0, 209, 1694.98999, 1421.319946, -0.932087, 1.8776299953460693, 86400, 86400, 0, 100, 100, 0, 0, 0),
(2589560, 5650, 0, 0, 0, 209, 1695.51001, 1424.430054, -0.949612, 4.1042399406433105, 86400, 86400, 0, 100, 100, 0, 0, 0),
(2589561, 62495, 0, 0, 0, 209, 1764.369995, 1437.859985, -0.100875, 3.1813900470733643, 86400, 86400, 0, 100, 100, 0, 0, 0);

-- ==============================================
-- FILE: gameobject_template_update_zf.sql
-- GENERATED: 20260626153218
-- ==============================================
UPDATE `gameobject_template`
SET `flags` = 32
WHERE `entry` = 2020161;

UPDATE `gameobject_template`
SET `flags` = 4
WHERE `entry` = 2010915;


-- ==============================================
-- FILE: gameobject_zf.sql
-- GENERATED: 20260626153218
-- ==============================================
INSERT INTO `gameobject`
(
    `guid`,
    `id`,
    `map`,
    `position_x`,
    `position_y`,
    `position_z`,
    `orientation`,
    `rotation0`,
    `rotation1`,
    `rotation2`,
    `rotation3`,
    `spawntimesecsmin`,
    `spawntimesecsmax`,
    `animprogress`,
    `state`,
    `spawn_flags`,
    `visibility_mod`
)
VALUES
(5025115, 2020161, 209, 1724.1099853515625, 1029.0699462890625, 53.45930099487305, 3.63169002532959, 0, 0, 0.970125515, -0.242603556, 300, 300, 100, 1, 0, 0),
(5022300, 153451, 209, 1683.6400146484375, 1396.530029296875, -4.24931001663208, 3.9987599849700928, 0, 0, 0.909555266, -0.415582985, 300, 300, 100, 1, 0, 0),
(5022301, 2010915, 209, 1625.030029296875, 1393.8900146484375, -0.3292819857597351, 3.7170400619506836, 0, 0, 0.958892304, -0.28377024, 300, 300, 100, 1, 0, 0);

-- ==============================================
-- FILE: gossip_menu_option_zf.sql
-- GENERATED: 20260626153218
-- ==============================================
INSERT INTO `gossip_menu_option`
(
    `menu_id`,
    `id`,
    `option_icon`,
    `option_text`,
    `option_broadcast_text`,
    `option_id`,
    `npc_option_npcflag`,
    `action_menu_id`,
    `action_poi_id`,
    `action_script_id`,
    `box_coded`,
    `box_money`,
    `box_text`,
    `box_broadcast_text`,
    `condition_id`
)
VALUES
(41845, 0, 0, 'Take the Flame of Farrak.', 4184501, 1, 1, -1, 0, 4184501, 0, 0, '', 0, 0);

UPDATE `gossip_menu_option`
SET `action_menu_id` = -1,
    `action_script_id` = 6249801
WHERE `menu_id` = 62498;

-- ==============================================
-- FILE: gossip_menu_zf.sql
-- GENERATED: 20260626153218
-- ==============================================
INSERT INTO `gossip_menu`
(
    `entry`,
    `text_id`,
    `script_id`,
    `condition_id`
)
VALUES
(41845, 4184501, 0, 0);

-- ==============================================
-- FILE: gossip_scripts_zf.sql
-- GENERATED: 20260626153218
-- ==============================================
INSERT INTO `gossip_scripts`
(
    `id`,
    `delay`,
    `priority`,
    `command`,
    `datalong`,
    `datalong2`,
    `datalong3`,
    `datalong4`,
    `target_param1`,
    `target_param2`,
    `target_type`,
    `data_flags`,
    `dataint`,
    `dataint2`,
    `dataint3`,
    `dataint4`,
    `x`,
    `y`,
    `z`,
    `o`,
    `condition_id`,
    `comments`
)
VALUES
(4184501, 0, 0, 17, 41685, 1, 0, 0, 0, 0, 0, 0, 0, 0, 0, 0, 0, 0, 0, 0, 0, 'Take the Flame of Farrak - give item 41685'),
(6249801, 0, 0, 5, 0, 0, 0, 0, 0, 0, 0, 0, 0, 0, 0, 0, 0, 0, 0, 0, 0, 'Farraki Arena - handled by npc_champion_razjal_the_quick');

-- ==============================================
-- FILE: npc_text_zf.sql
-- GENERATED: 20260626153218
-- ==============================================
INSERT INTO `npc_text`
(
    `ID`,
    `BroadcastTextID0`,
    `Probability0`,
    `BroadcastTextID1`,
    `Probability1`,
    `BroadcastTextID2`,
    `Probability2`,
    `BroadcastTextID3`,
    `Probability3`,
    `BroadcastTextID4`,
    `Probability4`,
    `BroadcastTextID5`,
    `Probability5`,
    `BroadcastTextID6`,
    `Probability6`,
    `BroadcastTextID7`,
    `Probability7`
)
VALUES
(4184501, 4184502, 0.0, 0, 0.0, 0, 0.0, 0, 0.0, 0, 0.0, 0, 0.0, 0, 0.0, 0, 0.0);

-- ==============================================
-- FILE: sound_entries_zf.sql
-- GENERATED: 20260626153218
-- ==============================================
INSERT INTO `sound_entries`
(
    `id`,
    `name`
)
VALUES
(60515, 'ZF_Kathzen_Aggro'),
(60516, 'ZF_Juthza_Aggro'),
(60517, 'ZF_Razjal_Aggro'),
(60518, 'ZF_Razjal_Final'),
(60519, 'ZF_Razjal_Sands'),
(60512, 'ZF_Zel''jeb_Aggro'),
(60513, 'ZF_Zel''jeb_Half'),
(60514, 'ZF_Zel''jeb_Death');

