-- ==============================================
-- FILE: broadcast_text_rfd.sql
-- GENERATED: 20260620113716
-- ==============================================
INSERT INTO `broadcast_text`
(
    `entry`,
    `male_text`,
    `female_text`,
    `chat_type`,
    `sound_id`,
    `language_id`,
    `emote_id1`,
    `emote_id2`,
    `emote_id3`,
    `emote_delay1`,
    `emote_delay2`,
    `emote_delay3`
)
VALUES
(6267901, 'Agamaggan shall be reborn!', '', 1, 60640, 0, 0, 0, 0, 0, 0, 0),
(6267902, 'No! No! I cannot die!', '', 1, 60641, 0, 0, 0, 0, 0, 0, 0);

-- ==============================================
-- FILE: creature_ai_events_rfd.sql
-- GENERATED: 20260620113716
-- ==============================================
INSERT INTO `creature_ai_events`
(
    `id`,
    `creature_id`,
    `condition_id`,
    `event_type`,
    `event_inverse_phase_mask`,
    `event_chance`,
    `event_flags`,
    `event_param1`,
    `event_param2`,
    `event_param3`,
    `event_param4`,
    `action1_script`,
    `action2_script`,
    `action3_script`,
    `comment`
)
VALUES
(6267801, 62678, 0, 2, 0, 100, 0, 50, 0, 0, 0, 6267801, 0, 0, 'Death''s Head Battleguard - Cast Bone Armor at 50% health'),
(6267901, 62679, 0, 4, 0, 100, 0, 0, 0, 0, 0, 6267901, 0, 0, 'Death Prophet Rakameg - Yell on aggro'),
(6267902, 62679, 0, 6, 0, 100, 0, 0, 0, 0, 0, 6267902, 0, 0, 'Death Prophet Rakameg - Yell on death');

-- ==============================================
-- FILE: creature_ai_scripts_rfd.sql
-- GENERATED: 20260620113716
-- ==============================================
INSERT INTO `creature_ai_scripts`
(
    `id`,
    `delay`,
    `priority`,
    `command`,
    `datalong`,
    `datalong2`,
    `datalong3`,
    `datalong4`,
    `target_param1`,
    `target_param2`,
    `target_type`,
    `data_flags`,
    `dataint`,
    `dataint2`,
    `dataint3`,
    `dataint4`,
    `x`,
    `y`,
    `z`,
    `o`,
    `condition_id`,
    `comments`
)
VALUES
(6267801, 0, 0, 15, 11445, 0, 0, 0, 0, 0, 0, 4, 0, 0, 0, 0, 0, 0, 0, 0, 0, 'Death''s Head Battleguard - Cast Bone Armor'),
(6267901, 0, 0, 0, 1, 0, 0, 0, 0, 0, 0, 0, 6267901, 0, 0, 0, 0, 0, 0, 0, 0, 'Death Prophet Rakameg - Aggro line'),
(6267902, 0, 0, 0, 1, 0, 0, 0, 0, 0, 0, 0, 6267902, 0, 0, 0, 0, 0, 0, 0, 0, 'Death Prophet Rakameg - Death line');

-- ==============================================
-- FILE: creature_equip_template_rfd.sql
-- GENERATED: 20260620113716
-- ==============================================
INSERT INTO `creature_equip_template`
(
    `entry`,
    `equipentry1`,
    `equipentry2`,
    `equipentry3`
)
VALUES
(62676, 2226, 0, 0),
(62677, 3184, 0, 0),
(62678, 3198, 0, 0),
(62679, 14845, 0, 0);

-- ==============================================
-- FILE: creature_movement_rfd.sql
-- GENERATED: 20260620113716
-- ==============================================
INSERT INTO `creature_movement`
(
    `id`,
    `point`,
    `position_x`,
    `position_y`,
    `position_z`,
    `orientation`,
    `waittime`,
    `wander_distance`,
    `script_id`
)
VALUES
(2591206, 1, 2180.379883, 867.932983, 16.778435, 0, 0, 0, 0),
(2591206, 2, 2182.300049, 872.838013, 16.654026, 0, 0, 0, 0),
(2591206, 3, 2181.070068, 867.905029, 16.653076, 0, 0, 0, 0),
(2591206, 4, 2180.350098, 861.255005, 16.428844, 0, 0, 0, 0),
(2591206, 5, 2183.780029, 850.424011, 15.973854, 0, 0, 0, 0),
(2591206, 6, 2186.280029, 844.924011, 16.223854, 0, 0, 0, 0),
(2591206, 7, 2194.189941, 846.299988, 17.155174, 0, 0, 0, 0),
(2591206, 8, 2205.189941, 852.307007, 17.621857, 0, 0, 0, 0),
(2591206, 9, 2209.439941, 856.057007, 17.121857, 0, 0, 0, 0),
(2591206, 10, 2212.909912, 861.200012, 16.914967, 0, 0, 0, 0),
(2591206, 11, 2210.620117, 856.645996, 17.060535, 0, 0, 0, 0),
(2591206, 12, 2203.860107, 850.723022, 17.663227, 0, 0, 0, 0),
(2591206, 13, 2196.070068, 847.622009, 16.95665, 0, 0, 0, 0),
(2591206, 14, 2190.320068, 845.622009, 16.45665, 0, 0, 0, 0),
(2591206, 15, 2181.290039, 848.940002, 15.984883, 0, 0, 0, 0),
(2591206, 16, 2177.340088, 856.700012, 16.716984, 0, 0, 0, 0),
(2591206, 17, 2179.629883, 865.932983, 16.528435, 0, 0, 0, 0),
(2591206, 18, 2180.379883, 867.932983, 16.778435, 0, 0, 0, 0),
(2591211, 1, 2208.459961, 832.745972, 24.35671, 0, 0, 0, 0),
(2591211, 2, 2211.459961, 840.245972, 24.35671, 0, 0, 0, 0),
(2591211, 3, 2209.850098, 834.127991, 24.549212, 0, 0, 0, 0),
(2591211, 4, 2207.090088, 828.382019, 24.369579, 0, 0, 0, 0),
(2591211, 5, 2204.030029, 819.945007, 24.244131, 0, 0, 0, 0),
(2591211, 6, 2201.449951, 814.658997, 24.211397, 0, 0, 0, 0),
(2591211, 7, 2193.899902, 811.723999, 24.094316, 0, 0, 0, 0),
(2591211, 8, 2184.469971, 814.23999, 23.802496, 0, 0, 0, 0),
(2591211, 9, 2189.25, 816.038025, 23.437048, 0, 0, 0, 0),
(2591211, 10, 2197.419922, 815.971985, 24.053806, 0, 0, 0, 0),
(2591211, 11, 2203.76001, 822.736023, 24.307274, 0, 0, 0, 0),
(2591211, 12, 2208.459961, 832.745972, 24.35671, 0, 0, 0, 0),
(2591220, 1, 2159.47998, 847.273987, 23.768379, 0, 0, 0, 0),
(2591220, 2, 2159.949951, 858.33197, 23.776743, 0, 0, 0, 0),
(2591220, 3, 2165.75, 869.219971, 23.9, 0, 0, 0, 0),
(2591220, 4, 2170.25, 875.719971, 23.9, 0, 0, 0, 0),
(2591220, 5, 2167.319824, 870.666321, 23.9, 0, 0, 0, 0),
(2591220, 6, 2164.370117, 861.218994, 23.687654, 0, 0, 0, 0),
(2591220, 7, 2162.620117, 853.468994, 23.687654, 0, 0, 0, 0),
(2591220, 8, 2163.050049, 845.372009, 23.684656, 0, 0, 0, 0),
(2591220, 9, 2163.050049, 840.372009, 23.684656, 0, 0, 0, 0),
(2591220, 10, 2167.669922, 833.744019, 23.965405, 0, 0, 0, 0),
(2591220, 11, 2164.209961, 838.244019, 23.725359, 0, 0, 0, 0),
(2591220, 12, 2160.47998, 845.523987, 23.768379, 0, 0, 0, 0),
(2591220, 13, 2159.47998, 847.273987, 23.768379, 0, 0, 0, 0),
(2591231, 1, 2180.459961, 894.763, 23.683062, 0, 0, 0, 0),
(2591231, 2, 2187.080078, 902.218018, 23.461859, 0, 0, 0, 0),
(2591231, 3, 2194.439941, 912.340027, 23.690948, 0, 0, 0, 0),
(2591231, 4, 2197.439941, 917.340027, 23.690948, 0, 0, 0, 0),
(2591231, 5, 2206.51001, 919.203979, 23.734701, 0, 0, 0, 0),
(2591231, 6, 2211.76001, 920.203979, 23.734701, 0, 0, 0, 0),
(2591231, 7, 2219.860107, 921.437988, 24.239475, 0, 0, 0, 0),
(2591231, 8, 2225.860107, 922.187988, 24.239475, 0, 0, 0, 0),
(2591231, 9, 2234.48999, 921.195007, 24.456076, 0, 0, 0, 0),
(2591231, 10, 2228.360107, 920.812012, 24.176462, 0, 0, 0, 0),
(2591231, 11, 2217.280029, 919.732971, 23.913645, 0, 0, 0, 0),
(2591231, 12, 2209.280029, 918.732971, 23.663645, 0, 0, 0, 0),
(2591231, 13, 2200.97998, 913.54303, 23.422297, 0, 0, 0, 0),
(2591231, 14, 2194.72998, 908.79303, 23.422297, 0, 0, 0, 0),
(2591231, 15, 2188.100098, 901.026978, 23.569324, 0, 0, 0, 0),
(2591231, 16, 2183.100098, 894.776978, 23.819324, 0, 0, 0, 0),
(2591231, 17, 2178.350098, 888.276978, 23.819324, 0, 0, 0, 0),
(2591231, 18, 2180.459961, 894.763, 23.683062, 0, 0, 0, 0),
(2591239, 1, 2265.879883, 941.616028, 24.024826, 0, 0, 0, 0),
(2591239, 2, 2259.879883, 940.616028, 24.024826, 0, 0, 0, 0),
(2591239, 3, 2252.899902, 934.846008, 24.368259, 0, 0, 0, 0),
(2591239, 4, 2247.399902, 929.096008, 24.368259, 0, 0, 0, 0),
(2591239, 5, 2250.860107, 933.234985, 24.014164, 0, 0, 0, 0),
(2591239, 6, 2256.110107, 939.234985, 24.014164, 0, 0, 0, 0),
(2591239, 7, 2263.73999, 943.16803, 24.153885, 0, 0, 0, 0),
(2591239, 8, 2275.409912, 942.987976, 24.534435, 0, 0, 0, 0),
(2591239, 9, 2280.909912, 941.987976, 24.784435, 0, 0, 0, 0),
(2591239, 10, 2288.459961, 938.89801, 25.494993, 0, 0, 0, 0),
(2591239, 11, 2293.709961, 936.89801, 25.744993, 0, 0, 0, 0),
(2591239, 12, 2299.280029, 939.192017, 26.112659, 0, 0, 0, 0),
(2591239, 13, 2293.969971, 938.083008, 25.748478, 0, 0, 0, 0),
(2591239, 14, 2287.75, 938.210999, 25.273199, 0, 0, 0, 0),
(2591239, 15, 2282.590088, 938.719971, 24.944355, 0, 0, 0, 0),
(2591239, 16, 2275.340088, 942.219971, 24.444355, 0, 0, 0, 0),
(2591239, 17, 2265.879883, 941.616028, 24.024826, 0, 0, 0, 0);

-- ==============================================
-- FILE: creature_rfd.sql
-- GENERATED: 20260620113716
-- ==============================================
INSERT INTO `creature`
(
    `guid`,
    `id`,
    `id2`,
    `id3`,
    `id4`,
    `map`,
    `position_x`,
    `position_y`,
    `position_z`,
    `orientation`,
    `spawntimesecsmin`,
    `spawntimesecsmax`,
    `wander_distance`,
    `health_percent`,
    `mana_percent`,
    `movement_type`,
    `spawn_flags`,
    `visibility_mod`
)
VALUES
(2591199, 62679, 0, 0, 0, 129, 2204.790039, 883.953979, 14.4525, 1.3518199920654297, 86400, 86400, 0, 100, 100, 0, 0, 0),
(2591200, 62676, 0, 0, 0, 129, 2200.360107, 866.508972, 14.5575, 1.3054100275039673, 86400, 86400, 0, 100, 100, 0, 0, 0),
(2591201, 62676, 0, 0, 0, 129, 2194.51001, 871.432983, 14.359, 0.8104659914970398, 86400, 86400, 0, 100, 100, 0, 0, 0),
(2591202, 62676, 0, 0, 0, 129, 2203.870117, 868.356995, 14.7125, 1.4467799663543701, 86400, 86400, 0, 100, 100, 0, 0, 0),
(2591203, 62676, 0, 0, 0, 129, 2196.909912, 868.088989, 14.4762, 1.1717499494552612, 86400, 86400, 0, 100, 100, 0, 0, 0),
(2591206, 62677, 0, 0, 0, 129, 2180.379883, 867.932983, 16.778435, -2.447037935256958, 86400, 86400, 0, 100, 100, 2, 0, 0),
(2591207, 62677, 0, 0, 0, 129, 2217.429932, 836.953003, 23.622101, 5.710370063781738, 86400, 86400, 0, 100, 100, 0, 0, 0),
(2591208, 62678, 0, 0, 0, 129, 2217.320068, 832.869995, 23.641899, 0.5031759738922119, 86400, 86400, 0, 100, 100, 0, 0, 0),
(2591211, 62676, 0, 0, 0, 129, 2208.459961, 832.745972, 24.35671, 2.7572438716888428, 86400, 86400, 0, 100, 100, 2, 0, 0),
(2591212, 62677, 0, 0, 0, 129, 2197.72998, 830.515015, 23.759501, 2.270669937133789, 86400, 86400, 0, 100, 100, 0, 0, 0),
(2591213, 62678, 0, 0, 0, 129, 2200.48999, 808.413025, 23.567699, 2.2753899097442627, 86400, 86400, 0, 100, 100, 0, 0, 0),
(2591214, 62677, 0, 0, 0, 129, 2194.649902, 807.734985, 23.680799, 1.1695300340652466, 86400, 86400, 0, 100, 100, 0, 0, 0),
(2591215, 62677, 0, 0, 0, 129, 2145.949951, 845.658997, 23.303301, 6.148960113525391, 86400, 86400, 0, 100, 100, 0, 0, 0),
(2591216, 62678, 0, 0, 0, 129, 2149.449951, 843.429016, 23.294901, 2.3162200450897217, 86400, 86400, 0, 100, 100, 0, 0, 0),
(2591218, 62677, 0, 0, 0, 129, 2149.600098, 848.125, 23.290001, 4.087289810180664, 86400, 86400, 0, 100, 100, 0, 0, 0),
(2591220, 62676, 0, 0, 0, 129, 2159.47998, 847.273987, 23.768379, 1.329318642616272, 86400, 86400, 0, 100, 100, 2, 0, 0),
(2591221, 62677, 0, 0, 0, 129, 2160.457275, 870.04248, 23.860188, 1.3777939081192017, 86400, 86400, 0, 100, 100, 0, 0, 0),
(2591222, 62678, 0, 0, 0, 129, 2170.860107, 884.276978, 23.3515, 5.599180221557617, 86400, 86400, 0, 100, 100, 0, 0, 0),
(2591223, 62678, 0, 0, 0, 129, 2171.97998, 888.393982, 23.3489, 0.16029700636863708, 86400, 86400, 0, 100, 100, 0, 0, 0),
(2591224, 62677, 0, 0, 0, 129, 2181.25, 906.458008, 23.290001, 5.150720119476318, 86400, 86400, 0, 100, 100, 0, 0, 0),
(2591227, 62678, 0, 0, 0, 129, 2251.429932, 871.856018, 23.5117, 2.1850600242614746, 86400, 86400, 0, 100, 100, 0, 0, 0),
(2591228, 62678, 0, 0, 0, 129, 2256.550049, 874.197021, 23.606701, 2.018549919128418, 86400, 86400, 0, 100, 100, 0, 0, 0),
(2591229, 62677, 0, 0, 0, 129, 2248.465332, 899.049683, 24.414412, -2.75236177444458, 86400, 86400, 0, 100, 100, 0, 0, 0),
(2591230, 62677, 0, 0, 0, 129, 2250.546875, 897.810364, 24.472736, -1.8091626167297363, 86400, 86400, 0, 100, 100, 0, 0, 0),
(2591231, 62678, 0, 0, 0, 129, 2180.459961, 894.763, 23.683062, -3.0117037296295166, 86400, 86400, 0, 100, 100, 2, 0, 0),
(2591232, 62676, 0, 0, 0, 129, 2181.389893, 900.148987, 23.2901, 1.164489984512329, 86400, 86400, 0, 100, 100, 0, 0, 0),
(2591233, 62677, 0, 0, 0, 129, 2202.425293, 926.05719, 23.901749, -3.1154916286468506, 86400, 86400, 0, 100, 100, 0, 0, 0),
(2591234, 62677, 0, 0, 0, 129, 2227.15918, 924.985535, 24.332882, 2.5878448486328125, 86400, 86400, 5, 100, 100, 1, 0, 0),
(2591235, 62677, 0, 0, 0, 129, 2254.781738, 941.468872, 23.957863, 3.126157760620117, 86400, 86400, 5, 100, 100, 1, 0, 0),
(2591236, 62678, 0, 0, 0, 129, 2257.343506, 941.497375, 23.990019, 2.395324945449829, 86400, 86400, 0, 100, 100, 0, 0, 0),
(2591237, 62678, 0, 0, 0, 129, 2298.580078, 944.607971, 25.1784, 0.2023649960756302, 86400, 86400, 0, 100, 100, 0, 0, 0),
(2591238, 62678, 0, 0, 0, 129, 2301.879883, 933.651001, 25.6043, 0.3476629853248596, 86400, 86400, 0, 100, 100, 0, 0, 0),
(2591239, 62676, 0, 0, 0, 129, 2265.879883, 941.616028, 24.024826, -2.988053560256958, 86400, 86400, 0, 100, 100, 2, 0, 0),
(2591240, 62677, 0, 0, 0, 129, 2277.179443, 940.903992, 24.673223, -2.6311349868774414, 86400, 86400, 5, 100, 100, 1, 0, 0);

-- ==============================================
-- FILE: creature_spells_assignment.sql
-- GENERATED: 20260620113716
-- ==============================================
UPDATE `creature_template`
SET `spell_list_id` = `entry`
WHERE `entry` IN (62676, 62677, 62678, 62679);

-- ==============================================
-- FILE: creature_spells_rfd.sql
-- GENERATED: 20260620113716
-- ==============================================
INSERT INTO `creature_spells`
(
    `entry`,
    `name`,
    `spellId_1`,
    `probability_1`,
    `castTarget_1`,
    `targetParam1_1`,
    `targetParam2_1`,
    `castFlags_1`,
    `delayInitialMin_1`,
    `delayInitialMax_1`,
    `delayRepeatMin_1`,
    `delayRepeatMax_1`,
    `scriptId_1`,
    `spellId_2`,
    `probability_2`,
    `castTarget_2`,
    `targetParam1_2`,
    `targetParam2_2`,
    `castFlags_2`,
    `delayInitialMin_2`,
    `delayInitialMax_2`,
    `delayRepeatMin_2`,
    `delayRepeatMax_2`,
    `scriptId_2`,
    `spellId_3`,
    `probability_3`,
    `castTarget_3`,
    `targetParam1_3`,
    `targetParam2_3`,
    `castFlags_3`,
    `delayInitialMin_3`,
    `delayInitialMax_3`,
    `delayRepeatMin_3`,
    `delayRepeatMax_3`,
    `scriptId_3`,
    `spellId_4`,
    `probability_4`,
    `castTarget_4`,
    `targetParam1_4`,
    `targetParam2_4`,
    `castFlags_4`,
    `delayInitialMin_4`,
    `delayInitialMax_4`,
    `delayRepeatMin_4`,
    `delayRepeatMax_4`,
    `scriptId_4`,
    `spellId_5`,
    `probability_5`,
    `castTarget_5`,
    `targetParam1_5`,
    `targetParam2_5`,
    `castFlags_5`,
    `delayInitialMin_5`,
    `delayInitialMax_5`,
    `delayRepeatMin_5`,
    `delayRepeatMax_5`,
    `scriptId_5`,
    `spellId_6`,
    `probability_6`,
    `castTarget_6`,
    `targetParam1_6`,
    `targetParam2_6`,
    `castFlags_6`,
    `delayInitialMin_6`,
    `delayInitialMax_6`,
    `delayRepeatMin_6`,
    `delayRepeatMax_6`,
    `scriptId_6`,
    `spellId_7`,
    `probability_7`,
    `castTarget_7`,
    `targetParam1_7`,
    `targetParam2_7`,
    `castFlags_7`,
    `delayInitialMin_7`,
    `delayInitialMax_7`,
    `delayRepeatMin_7`,
    `delayRepeatMax_7`,
    `scriptId_7`,
    `spellId_8`,
    `probability_8`,
    `castTarget_8`,
    `targetParam1_8`,
    `targetParam2_8`,
    `castFlags_8`,
    `delayInitialMin_8`,
    `delayInitialMax_8`,
    `delayRepeatMin_8`,
    `delayRepeatMax_8`,
    `scriptId_8`
)
VALUES
(62676, 'Death''s Head Worshipper', 8423, 100, 1, 0, 0, 0, 0, 0, 15, 17, 0, 0, 100, 1, 0, 0, 0, 0, 0, 0, 0, 0, 0, 100, 1, 0, 0, 0, 0, 0, 0, 0, 0, 0, 100, 1, 0, 0, 0, 0, 0, 0, 0, 0, 0, 100, 1, 0, 0, 0, 0, 0, 0, 0, 0, 0, 100, 1, 0, 0, 0, 0, 0, 0, 0, 0, 0, 100, 1, 0, 0, 0, 0, 0, 0, 0, 0, 0, 100, 1, 0, 0, 0, 0, 0, 0, 0, 0),
(62677, 'Death''s Head Servitor', 22128, 100, 0, 0, 0, 0, 0, 0, 15, 16, 0, 6909, 100, 1, 0, 0, 0, 2, 2, 20, 21, 0, 0, 100, 1, 0, 0, 0, 0, 0, 0, 0, 0, 0, 100, 1, 0, 0, 0, 0, 0, 0, 0, 0, 0, 100, 1, 0, 0, 0, 0, 0, 0, 0, 0, 0, 100, 1, 0, 0, 0, 0, 0, 0, 0, 0, 0, 100, 1, 0, 0, 0, 0, 0, 0, 0, 0, 0, 100, 1, 0, 0, 0, 0, 0, 0, 0, 0),
(62678, 'Death''s Head Battleguard', 23511, 100, 0, 0, 0, 0, 1, 2, 25, 26, 0, 0, 100, 1, 0, 0, 0, 0, 0, 0, 0, 0, 0, 100, 1, 0, 0, 0, 0, 0, 0, 0, 0, 0, 100, 1, 0, 0, 0, 0, 0, 0, 0, 0, 0, 100, 1, 0, 0, 0, 0, 0, 0, 0, 0, 0, 100, 1, 0, 0, 0, 0, 0, 0, 0, 0, 0, 100, 1, 0, 0, 0, 0, 0, 0, 0, 0, 0, 100, 1, 0, 0, 0, 0, 0, 0, 0, 0),
(62679, 'Death Prophet Rakameg', 22417, 100, 0, 0, 0, 0, 0, 0, 18, 22, 0, 28447, 100, 1, 0, 0, 0, 4, 5, 11, 17, 0, 0, 100, 1, 0, 0, 0, 0, 0, 0, 0, 0, 0, 100, 1, 0, 0, 0, 0, 0, 0, 0, 0, 0, 100, 1, 0, 0, 0, 0, 0, 0, 0, 0, 0, 100, 1, 0, 0, 0, 0, 0, 0, 0, 0, 0, 100, 1, 0, 0, 0, 0, 0, 0, 0, 0, 0, 100, 1, 0, 0, 0, 0, 0, 0, 0, 0);

-- ==============================================
-- FILE: creature_template_update_rfd.sql
-- GENERATED: 20260620113716
-- ==============================================
UPDATE `creature_template`
SET `speed_walk` = 1,
    `speed_run` = 1.14286,
    `scale` = 1.39999997615814,
    `dmg_min` = 207.912476,
    `dmg_max` = 268.23938,
    `attack_power` = 116,
    `unit_class` = 2,
    `unit_flags` = 32768,
    `ranged_dmg_min` = 42.956718,
    `ranged_dmg_max` = 59.065491
WHERE `entry` = 62676;

UPDATE `creature_template`
SET `speed_walk` = 1,
    `speed_run` = 1.14286,
    `scale` = 1.29999995231628,
    `dmg_min` = 207.912476,
    `dmg_max` = 268.23938,
    `attack_power` = 116,
    `unit_class` = 2,
    `unit_flags` = 32768,
    `ranged_dmg_min` = 42.956718,
    `ranged_dmg_max` = 59.065491
WHERE `entry` = 62677;

UPDATE `creature_template`
SET `speed_walk` = 1,
    `speed_run` = 1.14286,
    `scale` = 1.5,
    `dmg_min` = 220.314911,
    `dmg_max` = 284.239868,
    `attack_power` = 128,
    `unit_class` = 1,
    `unit_flags` = 32768,
    `ranged_dmg_min` = 45.647121,
    `ranged_dmg_max` = 62.76479
WHERE `entry` = 62678;

UPDATE `creature_template`
SET `speed_walk` = 1.15,
    `speed_run` = 1.14286,
    `scale` = 1.60000002384186,
    `dmg_min` = 242.87294,
    `dmg_max` = 312.931793,
    `attack_power` = 124,
    `unit_class` = 2,
    `unit_flags` = 32768,
    `ranged_dmg_min` = 45.505024,
    `ranged_dmg_max` = 62.569408
WHERE `entry` = 62679;


-- ==============================================
-- FILE: gameobject_rfd.sql
-- GENERATED: 20260620113716
-- ==============================================
INSERT INTO `gameobject`
(
    `guid`,
    `id`,
    `map`,
    `position_x`,
    `position_y`,
    `position_z`,
    `orientation`,
    `rotation0`,
    `rotation1`,
    `rotation2`,
    `rotation3`,
    `spawntimesecsmin`,
    `spawntimesecsmax`,
    `animprogress`,
    `state`,
    `spawn_flags`,
    `visibility_mod`
)
VALUES
(5025173, 3718, 129, 2182.6298828125, 902.8809814453125, 23.290000915527344, 2.0248301029205322, 0, 0, 0.848113845, 0.52981403, 300, 300, 100, 1, 0, 0);

-- ==============================================
-- FILE: sound_entries_rfd.sql
-- GENERATED: 20260620113716
-- ==============================================
INSERT INTO `sound_entries`
(
    `id`,
    `name`
)
VALUES
(60640, 'Raka_Aggro'),
(60641, 'Raka_Death');

