-- ==============================================
-- FILE: a_big_nuke.sql
-- GENERATED: 20260529182210
-- ==============================================
-- Nukes old Dragonmaw entries for objects and creatures
DELETE FROM gameobject WHERE guid >= 2816000 AND guid <= 2816999;
DELETE FROM creature WHERE guid >= 2816000 AND guid <= 2816999;

-- ==============================================
-- FILE: areatrigger_teleport_dragonmaw.sql
-- GENERATED: 20260529182210
-- ==============================================
REPLACE INTO `areatrigger_teleport`
(
    `id`,
    `name`,
    `message`,
    `required_level`,
    `required_condition`,
    `required_phase`,
    `target_map`,
    `target_position_x`,
    `target_position_y`,
    `target_position_z`,
    `target_orientation`
)
VALUES
(5345, 'Dragonmaw Retreat – Back Exit', '', 0, 0, 0, 0, -4523.640625, -3011.090576, 139.268890, 4.282434),
(5346, 'Dragonmaw Retreat – Back Entrance', 'You must be at least level 25 to enter.', 25, 0, 0, 816, -5725.984863, -3963.363525, 299.612915, 3.230711);

-- ==============================================
-- FILE: creature_addon_dragonmaw.sql
-- GENERATED: 20260529182210
-- ==============================================
INSERT INTO `creature_addon`
(
    `guid`,
    `display_id`,
    `mount_display_id`,
    `equipment_id`,
    `stand_state`,
    `sheath_state`,
    `emote_state`,
    `auras`
)
VALUES
(2584880, 0, -1, -1, 0, 1, 69, ''),
(2584754, 0, -1, -1, 0, 1, 69, ''),
(2584838, 0, -1, -1, 0, 1, 375, ''),
(2584839, 0, -1, -1, 0, 1, 375, ''),
(2584979, 0, -1, -1, 0, 1, 69, '');

-- ==============================================
-- FILE: creature_dragonmaw.sql
-- GENERATED: 20260529182210
-- ==============================================
INSERT INTO `creature`
(
    `guid`,
    `id`,
    `id2`,
    `id3`,
    `id4`,
    `map`,
    `position_x`,
    `position_y`,
    `position_z`,
    `orientation`,
    `spawntimesecsmin`,
    `spawntimesecsmax`,
    `wander_distance`,
    `health_percent`,
    `mana_percent`,
    `movement_type`,
    `spawn_flags`,
    `visibility_mod`
)
VALUES
(2585176, 62035, 0, 0, 0, 816, -4479.12, -3147.95, 143.955, 5.40587, 86400, 86400, 0.0, 100.0, 100.0, 0, 0, 0.0),
(2585175, 62035, 0, 0, 0, 816, -4436.45, -3113.42, 150.859, 0.39503, 86400, 86400, 0.0, 100.0, 100.0, 0, 0, 0.0),
(2585174, 62035, 0, 0, 0, 816, -4442.84, -3062.29, 139.268, 6.18734, 86400, 86400, 0.0, 100.0, 100.0, 0, 0, 0.0),
(2585173, 4075, 0, 0, 0, 816, -4489.38, -3044.4, 140.0, -2.26236, 86400, 86400, 5.0, 100.0, 100.0, 1, 0, 0.0),
(2585172, 4075, 0, 0, 0, 816, -4531.53, -3033.75, 140.207, 2.70395, 86400, 86400, 5.0, 100.0, 100.0, 1, 0, 0.0),
(2585170, 4075, 0, 0, 0, 816, -3786.4, -3515.43, -36.3013, 1.98002, 86400, 86400, 5.0, 100.0, 100.0, 1, 0, 0.0),
(2585165, 4075, 0, 0, 0, 816, -3910.75, -3235.22, 20.0256, 0.816066, 86400, 86400, 5.0, 100.0, 100.0, 1, 0, 0.0),
(2585164, 4075, 0, 0, 0, 816, -3889.41, -3227.16, 20.0656, -1.42607, 86400, 86400, 5.0, 100.0, 100.0, 1, 0, 0.0),
(2585163, 4075, 0, 0, 0, 816, -5751.28, -3954.93, 300.186, 0.419596, 86400, 86400, 5.0, 100.0, 100.0, 1, 0, 0.0),
(2585162, 4075, 0, 0, 0, 816, -5771.18, -4004.63, 300.246, -0.987383, 86400, 86400, 5.0, 100.0, 100.0, 1, 0, 0.0),
(2585161, 4075, 0, 0, 0, 816, -5758.94, -4035.47, 300.186, -1.63295, 86400, 86400, 5.0, 100.0, 100.0, 1, 0, 0.0),
(2585160, 4075, 0, 0, 0, 816, -5775.46, -4077.48, 301.207, 2.97231, 86400, 86400, 5.0, 100.0, 100.0, 1, 0, 0.0),
(2585159, 4075, 0, 0, 0, 816, -5750.15, -4065.43, 300.828, 0.832442, 86400, 86400, 5.0, 100.0, 100.0, 1, 0, 0.0),
(2585158, 4075, 0, 0, 0, 816, -5799.17, -4063.93, 309.037, 2.72453, 86400, 86400, 5.0, 100.0, 100.0, 1, 0, 0.0),
(2585157, 4075, 0, 0, 0, 816, -5831.82, -4079.3, 309.477, 1.63837, 86400, 86400, 5.0, 100.0, 100.0, 1, 0, 0.0),
(2585156, 4075, 0, 0, 0, 816, -5850.87, -4054.92, 309.798, 3.03703, 86400, 86400, 5.0, 100.0, 100.0, 1, 0, 0.0),
(2585155, 4075, 0, 0, 0, 816, -5862.26, -4076.49, 310.086, -0.226684, 86400, 86400, 5.0, 100.0, 100.0, 1, 0, 0.0),
(2585154, 4075, 0, 0, 0, 816, -5866.06, -4070.32, 310.086, 0.0126378, 86400, 86400, 5.0, 100.0, 100.0, 1, 0, 0.0),
(2585153, 4075, 0, 0, 0, 816, -6190.82, -4038.83, 201.884, -1.79953, 86400, 86400, 5.0, 100.0, 100.0, 1, 0, 0.0),
(2585152, 4075, 0, 0, 0, 816, -6228.74, -4002.7, 201.765, 0.50311, 86400, 86400, 5.0, 100.0, 100.0, 1, 0, 0.0),
(2585151, 4075, 0, 0, 0, 816, -6358.29, -4006.52, 189.238, 0.769251, 86400, 86400, 5.0, 100.0, 100.0, 1, 0, 0.0),
(2585150, 4075, 0, 0, 0, 816, -6362.42, -4101.2, 214.689, 0.342006, 86400, 86400, 5.0, 100.0, 100.0, 1, 0, 0.0),
(2585149, 4075, 0, 0, 0, 816, -6334.49, -4103.79, 214.689, 0.523576, 86400, 86400, 5.0, 100.0, 100.0, 1, 0, 0.0),
(2585148, 4075, 0, 0, 0, 816, -6331.29, -4080.75, 214.689, 1.80361, 86400, 86400, 5.0, 100.0, 100.0, 1, 0, 0.0),
(2585147, 4075, 0, 0, 0, 816, -6283.67, -4096.15, 265.505, 0.673857, 86400, 86400, 5.0, 100.0, 100.0, 1, 0, 0.0),
(2585146, 4075, 0, 0, 0, 816, -6297.19, -4094.0, 265.497, 1.67633, 86400, 86400, 5.0, 100.0, 100.0, 1, 0, 0.0),
(2585145, 4075, 0, 0, 0, 816, -6291.66, -4128.65, 265.63, -0.154997, 86400, 86400, 5.0, 100.0, 100.0, 1, 0, 0.0),
(2585144, 4075, 0, 0, 0, 816, -6247.81, -4275.64, 266.375, -0.69663, 86400, 86400, 5.0, 100.0, 100.0, 1, 0, 0.0),
(2585143, 4075, 0, 0, 0, 816, -6283.53, -4248.53, 265.897, -2.49532, 86400, 86400, 5.0, 100.0, 100.0, 1, 0, 0.0),
(2585142, 4075, 0, 0, 0, 816, -6345.54, -4307.93, 266.692, -1.27186, 86400, 86400, 5.0, 100.0, 100.0, 1, 0, 0.0),
(2585141, 4075, 0, 0, 0, 816, -6317.09, -4283.4, 266.823, -2.99741, 86400, 86400, 5.0, 100.0, 100.0, 1, 0, 0.0),
(2585140, 4075, 0, 0, 0, 816, -6251.45, -4300.6, 266.692, 2.89694, 86400, 86400, 5.0, 100.0, 100.0, 1, 0, 0.0),
(2585139, 4075, 0, 0, 0, 816, -6264.9, -4352.93, 266.692, 1.43468, 86400, 86400, 5.0, 100.0, 100.0, 1, 0, 0.0),
(2585138, 4075, 0, 0, 0, 816, -6342.86, -4333.35, 278.743, -2.30002, 86400, 86400, 5.0, 100.0, 100.0, 1, 0, 0.0),
(2585137, 4075, 0, 0, 0, 816, -6305.7, -4376.79, 290.792, 0.408762, 86400, 86400, 5.0, 100.0, 100.0, 1, 0, 0.0),
(2585136, 4075, 0, 0, 0, 816, -6243.62, -4406.87, 303.031, 0.322127, 86400, 86400, 5.0, 100.0, 100.0, 1, 0, 0.0),
(2585135, 4075, 0, 0, 0, 816, -6119.87, -4401.0, 302.53, -1.16412, 86400, 86400, 5.0, 100.0, 100.0, 1, 0, 0.0),
(2585134, 4075, 0, 0, 0, 816, -6083.42, -4439.96, 308.001, -1.61084, 86400, 86400, 5.0, 100.0, 100.0, 1, 0, 0.0),
(2585133, 4075, 0, 0, 0, 816, -6037.94, -4476.44, 316.892, 2.32929, 86400, 86400, 5.0, 100.0, 100.0, 1, 0, 0.0),
(2585132, 4075, 0, 0, 0, 816, -5972.68, -4546.41, 316.792, -1.98727, 86400, 86400, 5.0, 100.0, 100.0, 1, 0, 0.0),
(2585131, 4075, 0, 0, 0, 816, -5990.74, -4496.74, 316.792, 1.40394, 86400, 86400, 5.0, 100.0, 100.0, 1, 0, 0.0),
(2585130, 4075, 0, 0, 0, 816, -5970.34, -4456.07, 316.792, -0.799515, 86400, 86400, 5.0, 100.0, 100.0, 1, 0, 0.0),
(2585129, 4075, 0, 0, 0, 816, -5989.86, -4367.73, 322.692, -0.165913, 86400, 86400, 5.0, 100.0, 100.0, 1, 0, 0.0),
(2585128, 4075, 0, 0, 0, 816, -6035.12, -4315.45, 322.71, -2.02627, 86400, 86400, 5.0, 100.0, 100.0, 1, 0, 0.0),
(2585127, 4075, 0, 0, 0, 816, -6054.83, -4280.96, 322.702, 0.445857, 86400, 86400, 5.0, 100.0, 100.0, 1, 0, 0.0),
(2585126, 4075, 0, 0, 0, 816, -6030.81, -4256.42, 322.689, -0.358008, 86400, 86400, 5.0, 100.0, 100.0, 1, 0, 0.0),
(2585125, 4075, 0, 0, 0, 816, -5962.23, -4203.27, 322.689, -2.35201, 86400, 86400, 5.0, 100.0, 100.0, 1, 0, 0.0),
(2585124, 4075, 0, 0, 0, 816, -5889.73, -4237.23, 322.689, -1.04567, 86400, 86400, 5.0, 100.0, 100.0, 1, 0, 0.0),
(2585123, 4075, 0, 0, 0, 816, -5871.75, -4313.16, 322.692, 2.25829, 86400, 86400, 5.0, 100.0, 100.0, 1, 0, 0.0),
(2585122, 4075, 0, 0, 0, 816, -5931.27, -4307.0, 322.886, -2.01414, 86400, 86400, 5.0, 100.0, 100.0, 1, 0, 0.0),
(2585121, 4075, 0, 0, 0, 816, -5962.76, -4275.58, 322.692, 2.69387, 86400, 86400, 5.0, 100.0, 100.0, 1, 0, 0.0),
(2585120, 4075, 0, 0, 0, 816, -6079.29, -4080.46, 322.689, 3.07342, 86400, 86400, 5.0, 100.0, 100.0, 1, 0, 0.0),
(2585119, 4075, 0, 0, 0, 816, -6135.18, -4113.63, 322.689, 1.91219, 86400, 86400, 5.0, 100.0, 100.0, 1, 0, 0.0),
(2585118, 4075, 0, 0, 0, 816, -6138.32, -4173.5, 322.731, 1.67008, 86400, 86400, 5.0, 100.0, 100.0, 1, 0, 0.0),
(2585117, 4075, 0, 0, 0, 816, -6063.85, -4176.0, 330.189, 0.337352, 86400, 86400, 5.0, 100.0, 100.0, 1, 0, 0.0),
(2585116, 4075, 0, 0, 0, 816, -6021.46, -4135.38, 322.689, 1.99266, 86400, 86400, 5.0, 100.0, 100.0, 1, 0, 0.0),
(2585115, 4075, 0, 0, 0, 816, -5988.41, -4188.37, 322.689, -2.28188, 86400, 86400, 5.0, 100.0, 100.0, 1, 0, 0.0),
(2585114, 4075, 0, 0, 0, 816, -5968.1, -4133.9, 322.689, -0.861218, 86400, 86400, 5.0, 100.0, 100.0, 1, 0, 0.0),
(2585113, 4075, 0, 0, 0, 816, -5970.3, -4077.88, 322.689, -2.75199, 86400, 86400, 5.0, 100.0, 100.0, 1, 0, 0.0),
(2585112, 4075, 0, 0, 0, 816, -5902.86, -4078.94, 322.689, -0.454993, 86400, 86400, 5.0, 100.0, 100.0, 1, 0, 0.0),
(2585110, 62039, 0, 0, 0, 816, -6195.59, -4342.3, 266.168, 0.348682, 86400, 86400, 0.0, 100.0, 100.0, 0, 0, 0.0),
(2585109, 62039, 0, 0, 0, 816, -6192.59, -4341.08, 266.168, 3.56097, 86400, 86400, 0.0, 100.0, 100.0, 0, 0, 0.0),
(2585108, 62039, 0, 0, 0, 816, -6219.29, -4362.69, 266.168, 4.00943, 86400, 86400, 0.0, 100.0, 100.0, 0, 0, 0.0),
(2585107, 62036, 0, 0, 0, 816, -6223.3, -4363.32, 266.168, 6.23069, 86400, 86400, 0.0, 100.0, 100.0, 0, 0, 0.0),
(2585106, 62039, 0, 0, 0, 816, -6220.99, -4366.28, 266.168, 1.48688, 86400, 86400, 0.0, 100.0, 100.0, 0, 0, 0.0),
(2585105, 62038, 0, 0, 0, 816, -6170.29, -4353.98, 266.168, 0.176313, 86400, 86400, 0.0, 100.0, 100.0, 0, 0, 0.0),
(2585103, 62039, 0, 0, 0, 816, -6280.13, -4210.28, 264.648, 1.57865, 86400, 86400, 0.0, 100.0, 100.0, 2, 0, 0.0),
(2585102, 62039, 0, 0, 0, 816, -6261.92, -4126.33, 264.827, 1.56554, 86400, 86400, 0.0, 100.0, 100.0, 2, 0, 0.0),
(2585098, 62078, 0, 0, 0, 816, -6094.29, -4416.56, 302.436, -0.659021, 86400, 86400, 5.0, 100.0, 100.0, 1, 0, 0.0),
(2585097, 62078, 0, 0, 0, 816, -6060.58, -4473.17, 317.099, -1.03023, 86400, 86400, 7.0, 100.0, 100.0, 1, 0, 0.0),
(2585096, 62078, 0, 0, 0, 816, -6015.98, -4491.87, 316.186, 2.91514, 86400, 86400, 0.0, 100.0, 100.0, 0, 0, 0.0),
(2585095, 62045, 0, 0, 0, 816, -6018.82, -4495.9, 316.204, 2.81461, 86400, 86400, 0.0, 100.0, 100.0, 0, 0, 0.0),
(2585094, 62045, 0, 0, 0, 816, -6017.6, -4486.63, 316.2, 3.15862, 86400, 86400, 0.0, 100.0, 100.0, 0, 0, 0.0),
(2585093, 62078, 0, 0, 0, 816, -6111.44, -4404.05, 301.817, 5.89819, 86400, 86400, 0.0, 100.0, 100.0, 2, 0, 0.0),
(2585092, 62078, 0, 0, 0, 816, -6193.07, -4397.22, 302.879, 3.13708, 86400, 86400, 0.0, 100.0, 100.0, 2, 0, 0.0),
(2585091, 62078, 0, 0, 0, 816, -6311.58, -4399.0, 302.159, 0.0169618, 86400, 86400, 0.0, 100.0, 100.0, 2, 0, 0.0),
(2585090, 62078, 0, 0, 0, 816, -6267.53, -4406.89, 302.832, -3.13207, 86400, 86400, 0.0, 100.0, 100.0, 2, 0, 0.0),
(2585089, 62051, 0, 0, 0, 816, -6206.17, -4402.73, 302.159, 3.08309, 86400, 86400, 0.0, 100.0, 100.0, 0, 0, 0.0),
(2585088, 62078, 0, 0, 0, 816, -6207.8, -4408.89, 302.159, 2.78857, 86400, 86400, 0.0, 100.0, 100.0, 0, 0, 0.0),
(2585087, 62078, 0, 0, 0, 816, -6207.73, -4396.39, 302.159, 3.66429, 86400, 86400, 0.0, 100.0, 100.0, 0, 0, 0.0),
(2585086, 62039, 0, 0, 0, 816, -6305.22, -4372.68, 290.162, 3.9082, 86400, 86400, 0.0, 100.0, 100.0, 0, 0, 0.0),
(2585085, 62051, 0, 0, 0, 816, -6304.99, -4390.02, 290.162, 2.63272, 86400, 86400, 0.0, 100.0, 100.0, 0, 0, 0.0),
(2585084, 62078, 0, 0, 0, 816, -6340.5, -4381.27, 290.162, 0.001711, 86400, 86400, 0.0, 100.0, 100.0, 2, 0, 0.0),
(2585083, 62036, 0, 0, 0, 816, -6339.74, -4337.99, 278.164, 0.721354, 86400, 86400, 0.0, 100.0, 100.0, 0, 0, 0.0),
(2585082, 62045, 0, 0, 0, 816, -6337.1, -4335.56, 278.164, 3.91835, 86400, 86400, 0.0, 100.0, 100.0, 0, 0, 0.0),
(2585081, 62039, 0, 0, 0, 816, -6284.1, -4310.77, 266.168, 6.08071, 86400, 86400, 0.0, 100.0, 100.0, 2, 0, 0.0),
(2585080, 62039, 0, 0, 0, 816, -6329.83, -4299.79, 266.167, 6.14683, 86400, 86400, 0.0, 100.0, 100.0, 0, 0, 0.0),
(2585079, 62039, 0, 0, 0, 816, -6326.51, -4298.74, 266.167, 4.03411, 86400, 86400, 0.0, 100.0, 100.0, 0, 0, 0.0),
(2585078, 62051, 0, 0, 0, 816, -6326.69, -4302.37, 266.167, 2.01171, 86400, 86400, 0.0, 100.0, 100.0, 0, 0, 0.0),
(2585077, 62045, 0, 0, 0, 816, -6264.79, -4298.8, 266.167, 5.18736, 86400, 86400, 0.0, 100.0, 100.0, 0, 0, 0.0),
(2585076, 62036, 0, 0, 0, 816, -6263.59, -4319.82, 266.167, 4.26295, 86400, 86400, 0.0, 100.0, 100.0, 0, 0, 0.0),
(2585075, 62045, 0, 0, 0, 816, -6262.22, -4323.09, 266.167, 2.58612, 86400, 86400, 0.0, 100.0, 100.0, 0, 0, 0.0),
(2585074, 62045, 0, 0, 0, 816, -6266.97, -4322.41, 266.167, 0.536232, 86400, 86400, 0.0, 100.0, 100.0, 0, 0, 0.0),
(2585073, 62039, 0, 0, 0, 816, -6271.6, -4350.9, 266.168, 3.73516, 86400, 86400, 0.0, 100.0, 100.0, 0, 0, 0.0),
(2585072, 62036, 0, 0, 0, 816, -6276.63, -4352.33, 266.168, 6.19738, 86400, 86400, 0.0, 100.0, 100.0, 0, 0, 0.0),
(2585070, 62051, 0, 0, 0, 816, -6269.18, -4360.04, 266.168, 2.73613, 86400, 86400, 0.0, 100.0, 100.0, 0, 0, 0.0),
(2585069, 62045, 0, 0, 0, 816, -6274.82, -4363.75, 266.168, 1.04595, 86400, 86400, 0.0, 100.0, 100.0, 0, 0, 0.0),
(2585068, 62039, 0, 0, 0, 816, -6228.76, -4316.26, 266.168, 0.0593985, 86400, 86400, 0.0, 100.0, 100.0, 0, 0, 0.0),
(2585067, 62045, 0, 0, 0, 816, -6224.48, -4318.26, 266.168, 2.59623, 86400, 86400, 0.0, 100.0, 100.0, 0, 0, 0.0),
(2585065, 62051, 0, 0, 0, 816, -6225.46, -4313.54, 266.168, 4.04765, 86400, 86400, 0.0, 100.0, 100.0, 0, 0, 0.0),
(2585062, 10116, 0, 0, 0, 816, -6297.22, -4316.49, 266.168, 2.90174, 86400, 86400, 0.0, 100.0, 100.0, 0, 0, 0.0),
(2585060, 62051, 0, 0, 0, 816, -6301.82, -4317.78, 266.168, 2.05646, 86400, 86400, 0.0, 100.0, 100.0, 0, 0, 0.0),
(2585059, 62070, 0, 0, 0, 816, -6305.66, -4316.22, 266.168, 4.71425, 86400, 86400, 0.0, 100.0, 100.0, 0, 0, 0.0),
(2585057, 62051, 0, 0, 0, 816, -6288.98, -4282.82, 266.142, 0.709646, 86400, 86400, 0.0, 100.0, 100.0, 0, 0, 0.0),
(2585056, 62045, 0, 0, 0, 816, -6257.98, -4242.48, 265.083, 3.28103, 86400, 86400, 0.0, 100.0, 100.0, 0, 0, 0.0),
(2585055, 62045, 0, 0, 0, 816, -6260.58, -4239.47, 265.036, 4.6031, 86400, 86400, 0.0, 100.0, 100.0, 0, 0, 0.0),
(2585054, 62045, 0, 0, 0, 816, -6252.65, -4269.07, 265.667, 2.38445, 86400, 86400, 0.0, 100.0, 100.0, 2, 0, 0.0),
(2585053, 62051, 0, 0, 0, 816, -6231.46, -4243.83, 264.962, 4.6408, 86400, 86400, 0.0, 100.0, 100.0, 0, 0, 0.0),
(2585052, 62036, 0, 0, 0, 816, -6229.84, -4247.9, 265.058, 2.49667, 86400, 86400, 0.0, 100.0, 100.0, 0, 0, 0.0),
(2585051, 62039, 0, 0, 0, 816, -6234.18, -4261.38, 265.414, 4.05097, 86400, 86400, 0.0, 100.0, 100.0, 0, 0, 0.0),
(2585050, 62051, 0, 0, 0, 816, -6233.45, -4266.46, 265.538, 2.27676, 86400, 86400, 0.0, 100.0, 100.0, 0, 0, 0.0),
(2585049, 62036, 0, 0, 0, 816, -6240.42, -4265.68, 265.919, 0.336037, 86400, 86400, 0.0, 100.0, 100.0, 0, 0, 0.0),
(2585047, 62045, 0, 0, 0, 816, -6258.45, -4285.05, 266.09, 2.07377, 86400, 86400, 0.0, 100.0, 100.0, 0, 0, 0.0),
(2585046, 62039, 0, 0, 0, 816, -6267.36, -4286.13, 266.136, 0.878392, 86400, 86400, 0.0, 100.0, 100.0, 0, 0, 0.0),
(2585045, 62036, 0, 0, 0, 816, -6297.73, -4278.02, 266.064, 1.57586, 86400, 86400, 0.0, 100.0, 100.0, 0, 0, 0.0),
(2585044, 62051, 0, 0, 0, 816, -6264.08, -4276.57, 265.895, 3.0241, 86400, 86400, 0.0, 100.0, 100.0, 2, 0, 0.0),
(2585043, 62045, 0, 0, 0, 816, -6304.45, -4263.85, 265.771, 3.50555, 86400, 86400, 0.0, 100.0, 100.0, 0, 0, 0.0),
(2585042, 62051, 0, 0, 0, 816, -6315.43, -4251.86, 265.539, 2.60313, 86400, 86400, 0.0, 100.0, 100.0, 0, 0, 0.0),
(2585041, 62039, 0, 0, 0, 816, -6324.19, -4259.37, 266.322, -0.654065, 86400, 86400, 5.0, 100.0, 100.0, 1, 0, 0.0),
(2585040, 62039, 0, 0, 0, 816, -6336.19, -4247.53, 265.522, 1.86518, 86400, 86400, 0.0, 100.0, 100.0, 0, 0, 0.0),
(2585039, 62045, 0, 0, 0, 816, -6340.14, -4245.0, 265.479, 6.21628, 86400, 86400, 0.0, 100.0, 100.0, 0, 0, 0.0),
(2585038, 62051, 0, 0, 0, 816, -6336.15, -4242.77, 265.417, 4.56165, 86400, 86400, 0.0, 100.0, 100.0, 0, 0, 0.0),
(2585037, 62048, 0, 0, 0, 816, -6303.76, -4236.79, 265.163, 2.1285, 86400, 86400, 0.0, 100.0, 100.0, 0, 0, 0.0),
(2585035, 62051, 0, 0, 0, 816, -6302.74, -4234.3, 265.104, 3.15737, 86400, 86400, 0.0, 100.0, 100.0, 0, 0, 0.0),
(2585034, 62045, 0, 0, 0, 816, -6306.19, -4232.45, 265.074, 5.51735, 86400, 86400, 0.0, 100.0, 100.0, 0, 0, 0.0),
(2585033, 62036, 0, 0, 0, 816, -6306.92, -4236.22, 265.161, 0.625098, 86400, 86400, 0.0, 100.0, 100.0, 0, 0, 0.0),
(2585032, 62039, 0, 0, 0, 816, -6293.99, -4248.48, 265.391, 5.89826, 86400, 86400, 0.0, 100.0, 100.0, 0, 0, 0.0),
(2585031, 62045, 0, 0, 0, 816, -6296.93, -4252.4, 265.488, 0.867788, 86400, 86400, 0.0, 100.0, 100.0, 0, 0, 0.0),
(2585030, 62036, 0, 0, 0, 816, -6281.71, -4259.68, 265.6, 0.466448, 86400, 86400, 0.0, 100.0, 100.0, 0, 0, 0.0),
(2585027, 62051, 0, 0, 0, 816, -6106.86, -4138.96, 322.099, 5.48556, 86400, 86400, 0.0, 100.0, 100.0, 0, 0, 0.0),
(2585026, 62051, 0, 0, 0, 816, -6103.91, -4142.38, 322.099, 2.08543, 86400, 86400, 0.0, 100.0, 100.0, 0, 0, 0.0),
(2585025, 62040, 0, 0, 0, 816, -6116.88, -4166.66, 322.099, 3.14415, 86400, 86400, 0.0, 100.0, 100.0, 0, 0, 0.0),
(2585024, 62039, 0, 0, 0, 816, -6119.83, -4163.77, 322.099, 4.46047, 86400, 86400, 0.0, 100.0, 100.0, 0, 0, 0.0),
(2585023, 62047, 0, 0, 0, 816, -6123.77, -4166.62, 322.099, 5.96699, 86400, 86400, 0.0, 100.0, 100.0, 0, 0, 0.0),
(2585022, 62051, 0, 0, 0, 816, -6119.71, -4170.23, 322.099, 1.85229, 86400, 86400, 0.0, 100.0, 100.0, 0, 0, 0.0),
(2585021, 62047, 0, 0, 0, 816, -6011.79, -4144.93, 322.1, 0.069839, 86400, 86400, 0.0, 100.0, 100.0, 0, 0, 0.0),
(2585020, 62047, 0, 0, 0, 816, -6010.98, -4135.24, 322.1, 6.22983, 86400, 86400, 0.0, 100.0, 100.0, 0, 0, 0.0),
(2585019, 62039, 0, 0, 0, 816, -5978.82, -4137.36, 322.099, 4.37253, 86400, 86400, 0.0, 100.0, 100.0, 0, 0, 0.0),
(2585018, 62051, 0, 0, 0, 816, -5982.54, -4138.28, 322.099, 5.58597, 86400, 86400, 0.0, 100.0, 100.0, 0, 0, 0.0),
(2585017, 62040, 0, 0, 0, 816, -5981.63, -4142.39, 322.099, 0.987463, 86400, 86400, 0.0, 100.0, 100.0, 0, 0, 0.0),
(2585015, 62039, 0, 0, 0, 816, -5977.89, -4141.99, 322.099, 2.33521, 86400, 86400, 0.0, 100.0, 100.0, 0, 0, 0.0),
(2585014, 62039, 0, 0, 0, 816, -5981.5, -4176.35, 322.099, 4.72125, 86400, 86400, 0.0, 100.0, 100.0, 0, 0, 0.0),
(2585013, 62047, 0, 0, 0, 816, -5987.13, -4180.56, 322.099, 4.83513, 86400, 86400, 0.0, 100.0, 100.0, 0, 0, 0.0),
(2585012, 62047, 0, 0, 0, 816, -5975.68, -4180.25, 322.099, 4.58381, 86400, 86400, 0.0, 100.0, 100.0, 0, 0, 0.0),
(2585008, 62036, 0, 0, 0, 816, -5993.96, -4510.79, 316.281, 3.53995, 86400, 86400, 0.0, 100.0, 100.0, 0, 0, 0.0),
(2585007, 62045, 0, 0, 0, 816, -5995.96, -4513.19, 316.281, 1.27655, 86400, 86400, 0.0, 100.0, 100.0, 0, 0, 0.0),
(2585006, 62040, 0, 0, 0, 816, -5996.8, -4510.24, 316.281, 5.72319, 86400, 86400, 0.0, 100.0, 100.0, 0, 0, 0.0),
(2585005, 62040, 0, 0, 0, 816, -5979.82, -4466.16, 316.281, 1.97225, 86400, 86400, 0.0, 100.0, 100.0, 0, 0, 0.0),
(2585004, 62051, 0, 0, 0, 816, -5978.46, -4461.96, 316.281, 3.88077, 86400, 86400, 0.0, 100.0, 100.0, 0, 0, 0.0),
(2585003, 62045, 0, 0, 0, 816, -5983.25, -4462.6, 316.281, 5.7186, 86400, 86400, 0.0, 100.0, 100.0, 0, 0, 0.0),
(2585002, 62036, 0, 0, 0, 816, -5970.71, -4512.22, 316.281, 0.614966, 86400, 86400, 0.0, 100.0, 100.0, 0, 0, 0.0),
(2585001, 62045, 0, 0, 0, 816, -5968.97, -4508.44, 316.281, 4.88989, 86400, 86400, 0.0, 100.0, 100.0, 0, 0, 0.0),
(2585000, 62039, 0, 0, 0, 816, -5967.22, -4512.27, 316.281, 2.44495, 86400, 86400, 0.0, 100.0, 100.0, 0, 0, 0.0),
(2584999, 62047, 0, 0, 0, 816, -5979.23, -4548.37, 316.281, 1.50435, 86400, 86400, 0.0, 100.0, 100.0, 2, 0, 0.0),
(2584998, 62047, 0, 0, 0, 816, -5985.48, -4547.12, 316.281, 1.48126, 86400, 86400, 0.0, 100.0, 100.0, 0, 0, 0.0),
(2584997, 62047, 0, 0, 0, 816, -5973.57, -4547.17, 316.281, 1.49697, 86400, 86400, 0.0, 100.0, 100.0, 0, 0, 0.0),
(2584996, 62039, 0, 0, 0, 816, -6291.77, -4134.18, 264.827, 1.93602, 86400, 86400, 0.0, 100.0, 100.0, 0, 0, 0.0),
(2584995, 62039, 0, 0, 0, 816, -6294.93, -4132.73, 264.827, 0.435906, 86400, 86400, 0.0, 100.0, 100.0, 0, 0, 0.0),
(2584994, 62039, 0, 0, 0, 816, -6283.68, -4098.5, 264.826, 4.66292, 86400, 86400, 0.0, 100.0, 100.0, 2, 0, 0.0),
(2584993, 62039, 0, 0, 0, 816, -6306.45, -4113.91, 264.827, 0.679383, 86400, 86400, 0.0, 100.0, 100.0, 0, 0, 0.0),
(2584992, 62039, 0, 0, 0, 816, -6306.43, -4110.58, 264.827, 5.3737, 86400, 86400, 0.0, 100.0, 100.0, 0, 0, 0.0),
(2584991, 62051, 0, 0, 0, 816, -6280.59, -4138.86, 264.827, 1.58651, 86400, 86400, 0.0, 100.0, 100.0, 2, 0, 0.0),
(2584990, 62045, 0, 0, 0, 816, -6284.72, -4214.87, 264.635, 1.53226, 86400, 86400, 0.0, 100.0, 100.0, 0, 0, 0.0),
(2584989, 62045, 0, 0, 0, 816, -6275.18, -4214.76, 264.603, 1.57153, 86400, 86400, 0.0, 100.0, 100.0, 0, 0, 0.0),
(2584988, 62036, 0, 0, 0, 816, -6261.28, -4069.38, 239.741, 0.0753488, 86400, 86400, 0.0, 100.0, 100.0, 0, 0, 0.0),
(2584987, 62036, 0, 0, 0, 816, -6258.6, -4072.74, 239.741, 1.41053, 86400, 86400, 0.0, 100.0, 100.0, 0, 0, 0.0),
(2584986, 62040, 0, 0, 0, 816, -6257.36, -4068.95, 239.741, 3.88767, 86400, 86400, 0.0, 100.0, 100.0, 0, 0, 0.0),
(2584985, 62036, 0, 0, 0, 816, -6425.43, -4010.61, 167.759, 1.51811, 86400, 86400, 0.0, 100.0, 100.0, 0, 0, 0.0),
(2584983, 62035, 0, 0, 0, 816, -6426.9, -3936.55, 147.761, 0.329806, 86400, 86400, 0.0, 100.0, 100.0, 0, 0, 0.0),
(2584982, 62035, 0, 0, 0, 816, -6424.17, -3933.73, 147.76, 4.1979, 86400, 86400, 0.0, 100.0, 100.0, 0, 0, 0.0),
(2584981, 62036, 0, 0, 0, 816, -6357.21, -3867.19, 106.973, 3.85399, 86400, 86400, 0.0, 100.0, 100.0, 0, 0, 0.0),
(2584979, 62048, 0, 0, 0, 816, -6257.16, -3960.46, 72.5999, 6.12825, 86400, 86400, 0.0, 100.0, 100.0, 0, 0, 0.0),
(2584978, 62036, 0, 0, 0, 816, -6282.4, -3965.46, 72.6007, 0.522958, 86400, 86400, 0.0, 100.0, 100.0, 2, 0, 0.0),
(2584975, 62046, 0, 0, 0, 816, -6270.9, -4036.63, 72.5999, 3.68946, 86400, 86400, 0.0, 100.0, 100.0, 0, 0, 0.0),
(2584974, 62035, 0, 0, 0, 816, -6269.63, -4041.9, 72.5999, 3.25749, 86400, 86400, 0.0, 100.0, 100.0, 0, 0, 0.0),
(2584973, 62036, 0, 0, 0, 816, -6269.97, -4039.21, 72.5999, 3.43669, 86400, 86400, 0.0, 100.0, 100.0, 0, 0, 0.0),
(2584972, 62067, 0, 0, 0, 816, -6292.16, -4069.22, 72.5998, 1.59245, 86400, 86400, 0.0, 100.0, 100.0, 0, 0, 0.0),
(2584971, 62035, 0, 0, 0, 816, -6322.28, -4065.73, 73.189, 2.02723, 86400, 86400, 5.0, 100.0, 100.0, 1, 0, 0.0),
(2584970, 62048, 0, 0, 0, 816, -6301.94, -4048.02, 72.6004, 5.49299, 86400, 86400, 0.0, 100.0, 100.0, 0, 0, 0.0),
(2584969, 62046, 0, 0, 0, 816, -6297.35, -4045.46, 72.6004, 4.8529, 86400, 86400, 0.0, 100.0, 100.0, 0, 0, 0.0),
(2584968, 62035, 0, 0, 0, 816, -6300.26, -4045.73, 72.6004, 5.32806, 86400, 86400, 0.0, 100.0, 100.0, 0, 0, 0.0),
(2584967, 62046, 0, 0, 0, 816, -6383.3, -3920.42, 72.6003, 4.56221, 86400, 86400, 0.0, 100.0, 100.0, 0, 0, 0.0),
(2584966, 62035, 0, 0, 0, 816, -6386.29, -3922.48, 72.6003, 6.15029, 86400, 86400, 0.0, 100.0, 100.0, 0, 0, 0.0),
(2584965, 62035, 0, 0, 0, 816, -6387.07, -3904.78, 73.189, -1.59467, 86400, 86400, 5.0, 100.0, 100.0, 1, 0, 0.0),
(2584964, 62048, 0, 0, 0, 816, -6415.24, -3890.63, 72.6003, 1.76973, 86400, 86400, 0.0, 100.0, 100.0, 0, 0, 0.0),
(2584960, 62036, 0, 0, 0, 816, -6413.53, -3886.1, 72.6003, 3.96099, 86400, 86400, 0.0, 100.0, 100.0, 0, 0, 0.0),
(2584958, 62035, 0, 0, 0, 816, -6417.86, -3886.12, 72.6003, 5.5475, 86400, 86400, 0.0, 100.0, 100.0, 0, 0, 0.0),
(2584955, 62073, 0, 0, 0, 816, -6242.15, -3899.83, 76.8217, 1.73859, 86400, 86400, 5.0, 100.0, 100.0, 1, 0, 0.0),
(2584953, 62035, 0, 0, 0, 816, -6272.17, -3896.24, 72.5997, 5.56007, 86400, 86400, 0.0, 100.0, 100.0, 0, 0, 0.0),
(2584951, 62046, 0, 0, 0, 816, -6275.41, -3899.49, 72.5997, 5.45325, 86400, 86400, 0.0, 100.0, 100.0, 0, 0, 0.0),
(2584943, 62035, 0, 0, 0, 816, -6260.61, -3935.97, 72.6007, 0.61472, 86400, 86400, 0.0, 100.0, 100.0, 0, 0, 0.0),
(2584942, 62046, 0, 0, 0, 816, -6260.73, -3928.89, 72.6007, 5.72688, 86400, 86400, 0.0, 100.0, 100.0, 0, 0, 0.0),
(2584941, 62036, 0, 0, 0, 816, -6262.17, -3932.23, 72.6007, 0.024889, 86400, 86400, 0.0, 100.0, 100.0, 0, 0, 0.0),
(2584940, 62073, 0, 0, 0, 816, -6216.05, -3949.93, 73.189, 2.93017, 86400, 86400, 5.0, 100.0, 100.0, 1, 0, 0.0),
(2584939, 62074, 0, 0, 0, 816, -6126.58, -3963.73, 73.189, 2.77545, 86400, 86400, 5.0, 100.0, 100.0, 1, 0, 0.0),
(2584938, 14881, 0, 0, 0, 816, -6108.55, -3973.64, 73.3511, 2.03305, 86400, 86400, 0.0, 100.0, 100.0, 0, 0, 0.0),
(2584937, 14881, 0, 0, 0, 816, -6110.8, -4019.93, 77.8218, 1.06143, 86400, 86400, 5.0, 100.0, 100.0, 1, 0, 0.0),
(2584936, 14881, 0, 0, 0, 816, -6139.07, -4001.11, 73.3143, -1.33485, 86400, 86400, 5.0, 100.0, 100.0, 1, 0, 0.0),
(2584935, 14881, 0, 0, 0, 816, -6143.49, -3969.04, 73.2044, 1.81413, 86400, 86400, 5.0, 100.0, 100.0, 1, 0, 0.0),
(2584934, 14881, 0, 0, 0, 816, -6179.23, -3953.02, 73.2973, -3.08478, 86400, 86400, 5.0, 100.0, 100.0, 1, 0, 0.0),
(2584933, 14881, 0, 0, 0, 816, -6168.23, -3962.37, 73.189, 2.23438, 86400, 86400, 5.0, 100.0, 100.0, 1, 0, 0.0),
(2584932, 14881, 0, 0, 0, 816, -6160.6, -3969.38, 73.189, -2.42002, 86400, 86400, 0.0, 100.0, 100.0, 0, 0, 0.0),
(2584931, 14881, 0, 0, 0, 816, -6130.48, -3946.81, 73.189, 2.58765, 86400, 86400, 5.0, 100.0, 100.0, 1, 0, 0.0),
(2584930, 14881, 0, 0, 0, 816, -6156.05, -3939.25, 73.189, -0.0288056, 86400, 86400, 5.0, 100.0, 100.0, 1, 0, 0.0),
(2584929, 14881, 0, 0, 0, 816, -6168.6, -3923.46, 73.189, 2.34015, 86400, 86400, 5.0, 100.0, 100.0, 1, 0, 0.0),
(2584928, 14881, 0, 0, 0, 816, -6164.39, -3912.2, 73.189, 1.12102, 86400, 86400, 5.0, 100.0, 100.0, 1, 0, 0.0),
(2584927, 14881, 0, 0, 0, 816, -6143.79, -3909.38, 73.8203, -3.09873, 86400, 86400, 0.0, 100.0, 100.0, 0, 0, 0.0),
(2584926, 14881, 0, 0, 0, 816, -6139.85, -3916.22, 73.189, -1.82085, 86400, 86400, 5.0, 100.0, 100.0, 1, 0, 0.0),
(2584925, 14881, 0, 0, 0, 816, -6122.19, -3932.12, 73.2177, 1.01081, 86400, 86400, 5.0, 100.0, 100.0, 1, 0, 0.0),
(2584924, 62073, 0, 0, 0, 816, -6151.84, -3946.31, 73.189, -0.0880948, 86400, 86400, 5.0, 100.0, 100.0, 1, 0, 0.0),
(2584923, 62075, 0, 0, 0, 816, -6116.73, -4023.45, 79.0139, -0.95706, 86400, 86400, 5.0, 100.0, 100.0, 1, 0, 0.0),
(2584922, 62073, 0, 0, 0, 816, -6104.58, -4004.91, 73.2965, 0.0210466, 86400, 86400, 5.0, 100.0, 100.0, 1, 0, 0.0),
(2584921, 62074, 0, 0, 0, 816, -6146.63, -3984.71, 73.189, -0.881808, 86400, 86400, 5.0, 100.0, 100.0, 1, 0, 0.0),
(2584920, 62075, 0, 0, 0, 816, -6175.97, -3925.25, 73.189, 1.56739, 86400, 86400, 5.0, 100.0, 100.0, 1, 0, 0.0),
(2584919, 62073, 0, 0, 0, 816, -6173.02, -3951.76, 73.189, -0.387323, 86400, 86400, 5.0, 100.0, 100.0, 1, 0, 0.0),
(2584918, 62074, 0, 0, 0, 816, -6118.22, -3919.32, 73.244, 0.541913, 86400, 86400, 5.0, 100.0, 100.0, 1, 0, 0.0),
(2584917, 62075, 0, 0, 0, 816, -6142.35, -3922.42, 73.189, 0.762187, 86400, 86400, 5.0, 100.0, 100.0, 1, 0, 0.0),
(2584916, 62073, 0, 0, 0, 816, -6141.71, -3953.71, 73.189, -2.88444, 86400, 86400, 5.0, 100.0, 100.0, 1, 0, 0.0),
(2584915, 62066, 0, 0, 0, 816, -6074.1, -3977.02, 72.5993, 2.90177, 86400, 86400, 0.0, 100.0, 100.0, 0, 0, 0.0),
(2584912, 62036, 0, 0, 0, 816, -6181.89, -3836.28, 252.539, 3.72173, 86400, 86400, 0.0, 100.0, 100.0, 0, 0, 0.0),
(2584911, 62046, 0, 0, 0, 816, -6190.12, -3943.56, 227.355, 1.6517, 86400, 86400, 0.0, 100.0, 100.0, 2, 0, 0.0),
(2584907, 62036, 0, 0, 0, 816, -6259.34, -3825.47, 252.555, 6.22854, 86400, 86400, 0.0, 100.0, 100.0, 0, 0, 0.0),
(2584900, 62053, 0, 0, 0, 816, -5993.56, -3615.77, 326.213, -1.98398, 86400, 86400, 5.0, 100.0, 100.0, 1, 0, 0.0),
(2584899, 62054, 0, 0, 0, 816, -5993.93, -3636.91, 326.225, 2.88883, 86400, 86400, 5.0, 100.0, 100.0, 1, 0, 0.0),
(2584897, 62054, 0, 0, 0, 816, -6068.32, -3614.6, 325.643, 3.57696, 86400, 86400, 5.0, 100.0, 100.0, 1, 0, 0.0),
(2584893, 62053, 0, 0, 0, 816, -6242.05, -3667.47, 299.897, 5.11395, 86400, 86400, 0.0, 100.0, 100.0, 0, 0, 0.0),
(2584892, 62052, 0, 0, 0, 816, -6237.49, -3668.12, 299.897, 5.47918, 86400, 86400, 0.0, 100.0, 100.0, 0, 0, 0.0),
(2584891, 62054, 0, 0, 0, 816, -6243.39, -3669.8, 299.897, 5.24747, 86400, 86400, 0.0, 100.0, 100.0, 0, 0, 0.0),
(2584887, 62052, 0, 0, 0, 816, -6195.83, -3669.54, 289.813, 5.73028, 86400, 86400, 0.0, 100.0, 100.0, 0, 0, 0.0),
(2584884, 62046, 0, 0, 0, 816, -6169.58, -4006.09, 201.348, 3.14891, 86400, 86400, 0.0, 100.0, 100.0, 2, 0, 0.0),
(2584883, 62036, 0, 0, 0, 816, -6141.22, -4026.97, 201.349, 3.12535, 86400, 86400, 0.0, 100.0, 100.0, 2, 0, 0.0),
(2584882, 62046, 0, 0, 0, 816, -6214.39, -4032.89, 201.278, 0.956732, 86400, 86400, 0.0, 100.0, 100.0, 0, 0, 0.0),
(2584880, 62048, 0, 0, 0, 816, -6179.57, -4028.14, 201.305, 5.27014, 86400, 86400, 0.0, 100.0, 100.0, 0, 0, 0.0),
(2584873, 62036, 0, 0, 0, 816, -6377.14, -4084.44, 214.147, 0.261045, 86400, 86400, 0.0, 100.0, 100.0, 0, 0, 0.0),
(2584872, 62046, 0, 0, 0, 816, -6377.08, -4081.63, 214.147, 5.93319, 86400, 86400, 0.0, 100.0, 100.0, 0, 0, 0.0),
(2584871, 62048, 0, 0, 0, 816, -6318.2, -4073.15, 214.146, 3.13712, 86400, 86400, 0.0, 100.0, 100.0, 2, 0, 0.0),
(2584870, 62036, 0, 0, 0, 816, -6346.75, -4005.59, 188.554, 0.011245, 86400, 86400, 0.0, 100.0, 100.0, 2, 0, 0.0),
(2584869, 62046, 0, 0, 0, 816, -6423.38, -3991.61, 167.758, 4.72365, 86400, 86400, 0.0, 100.0, 100.0, 2, 0, 0.0),
(2584864, 62036, 0, 0, 0, 816, -6344.24, -3998.31, 188.554, 5.86092, 86400, 86400, 0.0, 100.0, 100.0, 0, 0, 0.0),
(2584862, 62046, 0, 0, 0, 816, -6347.62, -4085.92, 214.148, 1.13283, 86400, 86400, 0.0, 100.0, 100.0, 0, 0, 0.0),
(2584859, 62048, 0, 0, 0, 816, -6350.41, -4107.82, 214.689, -0.0153796, 86400, 86400, 0.0, 100.0, 100.0, 2, 0, 0.0),
(2584858, 62036, 0, 0, 0, 816, -6332.21, -4106.51, 214.147, 1.91084, 86400, 86400, 0.0, 100.0, 100.0, 0, 0, 0.0),
(2584857, 62039, 0, 0, 0, 816, -6329.54, -4104.0, 214.147, 2.85305, 86400, 86400, 0.0, 100.0, 100.0, 0, 0, 0.0),
(2584856, 62051, 0, 0, 0, 816, -6357.17, -4093.2, 214.147, 2.89391, 86400, 86400, 0.0, 100.0, 100.0, 0, 0, 0.0),
(2584855, 62046, 0, 0, 0, 816, -6333.05, -4076.35, 214.147, 3.12589, 86400, 86400, 0.0, 100.0, 100.0, 2, 0, 0.0),
(2584853, 62040, 0, 0, 0, 816, -6375.32, -4101.4, 214.147, 0.975176, 86400, 86400, 0.0, 100.0, 100.0, 0, 0, 0.0),
(2584852, 62051, 0, 0, 0, 816, -6385.26, -4097.14, 214.147, 0.002583, 86400, 86400, 0.0, 100.0, 100.0, 2, 0, 0.0),
(2584850, 62046, 0, 0, 0, 816, -6537.87, -4095.35, 238.14, 5.86507, 86400, 86400, 0.0, 100.0, 100.0, 0, 0, 0.0),
(2584848, 62039, 0, 0, 0, 816, -6537.98, -4101.05, 238.139, 0.521218, 86400, 86400, 0.0, 100.0, 100.0, 0, 0, 0.0),
(2584847, 62040, 0, 0, 0, 816, -6542.11, -4010.33, 216.813, 5.41352, 86400, 86400, 0.0, 100.0, 100.0, 0, 0, 0.0),
(2584844, 62039, 0, 0, 0, 816, -6543.24, -4015.96, 216.788, 0.945691, 86400, 86400, 0.0, 100.0, 100.0, 0, 0, 0.0),
(2584841, 62051, 0, 0, 0, 816, -6539.06, -4017.21, 216.804, 1.54103, 86400, 86400, 0.0, 100.0, 100.0, 0, 0, 0.0),
(2584840, 62036, 0, 0, 0, 816, -6527.76, -4087.58, 238.136, 1.55976, 86400, 86400, 0.0, 100.0, 100.0, 2, 0, 0.0),
(2584839, 62051, 0, 0, 0, 816, -6537.65, -3981.78, 216.834, 2.74347, 86400, 86400, 0.0, 100.0, 100.0, 0, 0, 0.0),
(2584838, 62051, 0, 0, 0, 816, -6537.17, -3971.65, 216.834, 3.64354, 86400, 86400, 0.0, 100.0, 100.0, 0, 0, 0.0),
(2584837, 62078, 0, 0, 0, 816, -6574.23, -4120.64, 228.905, 1.52239, 86400, 86400, 0.0, 100.0, 100.0, 2, 0, 0.0),
(2584836, 62071, 0, 0, 0, 816, -6293.57, -4095.59, 264.827, 1.48762, 86400, 86400, 0.0, 100.0, 100.0, 0, 0, 0.0),
(2584835, 62037, 0, 0, 0, 816, -6104.23, -4102.83, 324.679, 1.55572, 86400, 86400, 0.0, 100.0, 100.0, 0, 0, 0.0),
(2584832, 62040, 0, 0, 0, 816, -6028.71, -4175.74, 322.689, 2.51598, 86400, 86400, 5.0, 100.0, 100.0, 1, 0, 0.0),
(2584823, 62041, 0, 0, 0, 816, -6073.5, -4215.96, 322.689, 2.43043, 86400, 86400, 5.0, 100.0, 100.0, 1, 0, 0.0),
(2584818, 62041, 0, 0, 0, 816, -5992.74, -4219.28, 322.689, -0.0336237, 86400, 86400, 5.0, 100.0, 100.0, 1, 0, 0.0),
(2584816, 62041, 0, 0, 0, 816, -5965.31, -4231.34, 322.689, 2.06756, 86400, 86400, 0.0, 100.0, 100.0, 0, 0, 0.0),
(2584815, 62047, 0, 0, 0, 816, -5966.4, -4235.9, 322.099, 2.53695, 86400, 86400, 0.0, 100.0, 100.0, 0, 0, 0.0),
(2584814, 62040, 0, 0, 0, 816, -5964.4, -4343.41, 322.099, 0.824778, 86400, 86400, 0.0, 100.0, 100.0, 0, 0, 0.0),
(2584813, 62041, 0, 0, 0, 816, -5964.99, -4339.01, 322.099, 4.63789, 86400, 86400, 5.0, 100.0, 100.0, 1, 0, 0.0),
(2584812, 62041, 0, 0, 0, 816, -5963.89, -4341.45, 322.192, -0.748001, 86400, 86400, 5.0, 100.0, 100.0, 1, 0, 0.0),
(2584806, 62041, 0, 0, 0, 816, -6035.75, -4330.76, 322.692, 2.81527, 86400, 86400, 5.0, 100.0, 100.0, 1, 0, 0.0),
(2584805, 62047, 0, 0, 0, 816, -6041.69, -4276.22, 322.099, 0.901079, 86400, 86400, 0.0, 100.0, 100.0, 0, 0, 0.0),
(2584803, 62039, 0, 0, 0, 816, -6038.04, -4274.67, 322.099, 2.90431, 86400, 86400, 0.0, 100.0, 100.0, 0, 0, 0.0),
(2584802, 62040, 0, 0, 0, 816, -6040.97, -4272.62, 322.099, 4.96598, 86400, 86400, 0.0, 100.0, 100.0, 0, 0, 0.0),
(2584801, 62041, 0, 0, 0, 816, -6025.25, -4298.42, 322.692, -1.48726, 86400, 86400, 5.0, 100.0, 100.0, 1, 0, 0.0),
(2584800, 62041, 0, 0, 0, 816, -5964.5, -4288.33, 322.688, 0.742032, 86400, 86400, 5.0, 100.0, 100.0, 1, 0, 0.0),
(2584799, 62039, 0, 0, 0, 816, -5998.1, -4277.04, 322.099, 0.795521, 86400, 86400, 0.0, 100.0, 100.0, 0, 0, 0.0),
(2584798, 62040, 0, 0, 0, 816, -5994.49, -4275.37, 322.099, 3.30251, 86400, 86400, 0.0, 100.0, 100.0, 0, 0, 0.0),
(2584797, 62040, 0, 0, 0, 816, -5998.15, -4273.64, 322.099, 5.34847, 86400, 86400, 0.0, 100.0, 100.0, 0, 0, 0.0),
(2584790, 62072, 0, 0, 0, 816, -5981.51, -4187.14, 322.099, 4.71586, 86400, 86400, 0.0, 100.0, 100.0, 2, 0, 0.0),
(2584788, 62047, 0, 0, 0, 816, -5974.2, -4428.87, 319.703, 4.83092, 86400, 86400, 0.0, 100.0, 100.0, 0, 0, 0.0),
(2584785, 62047, 0, 0, 0, 816, -5986.12, -4428.73, 319.748, 4.6242, 86400, 86400, 0.0, 100.0, 100.0, 0, 0, 0.0),
(2584784, 62051, 0, 0, 0, 816, -6350.55, -4303.64, 266.142, 6.22293, 86400, 86400, 0.0, 100.0, 100.0, 2, 0, 0.0),
(2584783, 62045, 0, 0, 0, 816, -6408.47, -4293.15, 263.253, 3.1839, 86400, 86400, 0.0, 100.0, 100.0, 0, 0, 0.0),
(2584782, 62045, 0, 0, 0, 816, -6408.76, -4284.72, 263.217, 3.17683, 86400, 86400, 0.0, 100.0, 100.0, 0, 0, 0.0),
(2584776, 62078, 0, 0, 0, 816, -6447.78, -4306.08, 263.223, -1.73314, 86400, 86400, 5.0, 100.0, 100.0, 1, 0, 0.0),
(2584768, 62077, 0, 0, 0, 816, -6580.84, -4185.64, 229.123, 5.12343, 86400, 86400, 5.0, 100.0, 100.0, 1, 0, 0.0),
(2584767, 62078, 0, 0, 0, 816, -6497.94, -4253.45, 237.223, -2.67069, 86400, 86400, 5.0, 100.0, 100.0, 1, 0, 0.0),
(2584763, 62077, 0, 0, 0, 816, -6457.54, -4277.16, 237.842, 3.01165, 86400, 86400, 0.0, 100.0, 100.0, 0, 0, 0.0),
(2584762, 62077, 0, 0, 0, 816, -6482.57, -4281.84, 237.583, 6.14147, 86400, 86400, 0.0, 100.0, 100.0, 0, 0, 0.0),
(2584761, 62077, 0, 0, 0, 816, -6477.68, -4277.82, 237.689, 4.69555, 86400, 86400, 0.0, 100.0, 100.0, 0, 0, 0.0),
(2584760, 62078, 0, 0, 0, 816, -6523.42, -4224.31, 233.233, 5.40221, 86400, 86400, 5.0, 100.0, 100.0, 1, 0, 0.0),
(2584759, 62077, 0, 0, 0, 816, -6548.46, -4181.93, 230.174, 5.50826, 86400, 86400, 5.0, 100.0, 100.0, 1, 0, 0.0),
(2584758, 62076, 0, 0, 0, 816, -6548.92, -4174.77, 229.953, 0.429264, 86400, 86400, 0.0, 100.0, 100.0, 0, 0, 0.0),
(2584756, 62078, 0, 0, 0, 816, -6558.67, -4183.87, 229.701, 5.53573, 86400, 86400, 5.0, 100.0, 100.0, 1, 0, 0.0),
(2584755, 62077, 0, 0, 0, 816, -6590.36, -4166.67, 228.48, 3.092, 86400, 86400, 0.0, 100.0, 100.0, 0, 0, 0.0),
(2584754, 62076, 0, 0, 0, 816, -6564.6, -4151.9, 229.058, 6.02154, 86400, 86400, 0.0, 100.0, 100.0, 0, 0, 0.0),
(2584748, 62069, 0, 0, 0, 816, -6594.9, -3991.17, 216.962, 1.53453, 86400, 86400, 0.0, 100.0, 100.0, 0, 0, 0.0),
(2584747, 62078, 0, 0, 0, 816, -6585.17, -4140.85, 228.625, 4.18096, 86400, 86400, 5.0, 100.0, 100.0, 1, 0, 0.0),
(2584745, 62068, 0, 0, 0, 816, -6487.43, -4271.87, 237.267, 2.20692, 86400, 86400, 0.0, 100.0, 100.0, 2, 0, 0.0),
(2584744, 62052, 0, 0, 0, 816, -6047.08, -3635.99, 326.039, 5.55419, 86400, 86400, 5.0, 100.0, 100.0, 1, 0, 0.0),
(2584743, 62054, 0, 0, 0, 816, -6031.67, -3603.69, 325.644, 0.695783, 86400, 86400, 0.0, 100.0, 100.0, 0, 0, 0.0),
(2584742, 62055, 0, 0, 0, 816, -6026.66, -3598.95, 325.644, 3.88057, 86400, 86400, 0.0, 100.0, 100.0, 0, 0, 0.0),
(2584741, 62053, 0, 0, 0, 816, -6031.55, -3599.28, 325.644, 5.45137, 86400, 86400, 0.0, 100.0, 100.0, 0, 0, 0.0),
(2584740, 62055, 0, 0, 0, 816, -5979.09, -3626.15, 325.644, 3.14488, 86400, 86400, 0.0, 100.0, 100.0, 2, 0, 0.0),
(2584739, 62052, 0, 0, 0, 816, -6009.94, -3656.97, 326.213, 1.9262, 86400, 86400, 5.0, 100.0, 100.0, 1, 0, 0.0),
(2584738, 62052, 0, 0, 0, 816, -5971.57, -3665.76, 325.644, 1.79062, 86400, 86400, 0.0, 100.0, 100.0, 0, 0, 0.0),
(2584737, 62052, 0, 0, 0, 816, -5977.25, -3653.85, 325.644, 0.286586, 86400, 86400, 0.0, 100.0, 100.0, 0, 0, 0.0),
(2584736, 62053, 0, 0, 0, 816, -5966.75, -3647.44, 325.644, 3.58354, 86400, 86400, 0.0, 100.0, 100.0, 0, 0, 0.0),
(2584735, 62056, 0, 0, 0, 816, -5966.17, -3622.8, 325.644, 3.59532, 86400, 86400, 0.0, 100.0, 100.0, 0, 0, 0.0),
(2584734, 62057, 0, 0, 0, 816, -5964.98, -3626.33, 325.644, 3.12022, 86400, 86400, 0.0, 100.0, 100.0, 0, 0, 0.0),
(2584728, 62055, 0, 0, 0, 816, -6084.06, -3621.66, 325.643, 3.15914, 86400, 86400, 0.0, 100.0, 100.0, 0, 0, 0.0),
(2584727, 62055, 0, 0, 0, 816, -6083.88, -3631.95, 325.643, 3.13558, 86400, 86400, 0.0, 100.0, 100.0, 0, 0, 0.0),
(2584726, 62053, 0, 0, 0, 816, -6080.93, -3626.9, 325.644, 3.11145, 86400, 86400, 0.0, 100.0, 100.0, 2, 0, 0.0),
(2584725, 62053, 0, 0, 0, 816, -6240.13, -3633.56, 312.779, 2.40432, 86400, 86400, 0.0, 100.0, 100.0, 0, 0, 0.0),
(2584724, 62054, 0, 0, 0, 816, -6239.3, -3628.69, 312.779, 4.06938, 86400, 86400, 0.0, 100.0, 100.0, 0, 0, 0.0),
(2584723, 62052, 0, 0, 0, 816, -6243.65, -3629.98, 312.779, 0.158077, 86400, 86400, 0.0, 100.0, 100.0, 0, 0, 0.0),
(2584722, 62054, 0, 0, 0, 816, -6161.56, -3642.27, 325.531, 2.51612, 86400, 86400, 0.0, 100.0, 100.0, 0, 0, 0.0),
(2584721, 62052, 0, 0, 0, 816, -6194.58, -3688.74, 289.34, 1.56791, 86400, 86400, 0.0, 100.0, 100.0, 2, 0, 0.0),
(2584720, 62054, 0, 0, 0, 816, -6166.1, -3643.77, 325.532, 0.627239, 86400, 86400, 0.0, 100.0, 100.0, 0, 0, 0.0),
(2584719, 62052, 0, 0, 0, 816, -6163.27, -3613.7, 325.343, 3.66676, 86400, 86400, 0.0, 100.0, 100.0, 0, 0, 0.0),
(2584718, 62052, 0, 0, 0, 816, -6193.13, -3628.76, 325.633, 3.18372, 86400, 86400, 7.0, 100.0, 100.0, 1, 0, 0.0),
(2584717, 62052, 0, 0, 0, 816, -6183.87, -3628.55, 325.633, 3.12089, 86400, 86400, 7.0, 100.0, 100.0, 1, 0, 0.0),
(2584716, 62052, 0, 0, 0, 816, -6201.63, -3628.84, 325.633, 3.12089, 86400, 86400, 7.0, 100.0, 100.0, 1, 0, 0.0),
(2584715, 62053, 0, 0, 0, 816, -6269.37, -3618.69, 276.041, 0.250683, 86400, 86400, 0.0, 100.0, 100.0, 2, 0, 0.0),
(2584714, 62052, 0, 0, 0, 816, -6187.9, -3690.38, 289.368, 2.35723, 86400, 86400, 0.0, 100.0, 100.0, 0, 0, 0.0),
(2584713, 62052, 0, 0, 0, 816, -6204.31, -3651.26, 289.356, 0.385877, 86400, 86400, 0.0, 100.0, 100.0, 0, 0, 0.0),
(2584712, 62053, 0, 0, 0, 816, -6202.21, -3647.74, 289.376, 4.62311, 86400, 86400, 0.0, 100.0, 100.0, 0, 0, 0.0),
(2584711, 62053, 0, 0, 0, 816, -6200.79, -3652.08, 289.394, 2.43578, 86400, 86400, 0.0, 100.0, 100.0, 0, 0, 0.0),
(2584710, 62052, 0, 0, 0, 816, -6172.44, -3646.39, 288.599, 6.07217, 86400, 86400, 0.0, 100.0, 100.0, 0, 0, 0.0),
(2584709, 62052, 0, 0, 0, 816, -6175.35, -3619.96, 282.42, 1.88995, 86400, 86400, 0.0, 100.0, 100.0, 0, 0, 0.0),
(2584708, 62052, 0, 0, 0, 816, -6199.58, -3609.32, 275.428, 0.825725, 86400, 86400, 0.0, 100.0, 100.0, 0, 0, 0.0),
(2584707, 62052, 0, 0, 0, 816, -6216.13, -3685.74, 240.879, 4.25241, 86400, 86400, 0.0, 100.0, 100.0, 0, 0, 0.0),
(2584706, 62052, 0, 0, 0, 816, -6196.18, -3663.3, 240.878, 0.447156, 86400, 86400, 5.0, 100.0, 100.0, 1, 0, 0.0),
(2584705, 62052, 0, 0, 0, 816, -6192.05, -3675.78, 240.878, 0.28615, 86400, 86400, 5.0, 100.0, 100.0, 1, 0, 0.0),
(2584704, 62046, 0, 0, 0, 816, -6272.67, -3664.59, 256.223, 0.315286, 86400, 86400, 0.0, 100.0, 100.0, 2, 0, 0.0),
(2584703, 62074, 0, 0, 0, 816, -6223.06, -3897.01, 78.2946, 1.19417, 86400, 86400, 5.0, 100.0, 100.0, 1, 0, 0.0),
(2584702, 62073, 0, 0, 0, 816, -6196.06, -3879.73, 73.2593, 0.0677211, 86400, 86400, 5.0, 100.0, 100.0, 1, 0, 0.0),
(2584701, 62073, 0, 0, 0, 816, -6233.47, -3877.37, 77.3341, 0.551534, 86400, 86400, 5.0, 100.0, 100.0, 1, 0, 0.0),
(2584700, 62052, 0, 0, 0, 816, -6225.98, -3640.14, 252.25, 5.16349, 86400, 86400, 0.0, 100.0, 100.0, 0, 0, 0.0),
(2584699, 62052, 0, 0, 0, 816, -6227.76, -3643.14, 252.25, 5.85463, 86400, 86400, 0.0, 100.0, 100.0, 0, 0, 0.0),
(2585177, 62035, 0, 0, 0, 816, -4402.85, -3047.14, 150.859, 6.03419, 86400, 86400, 0.0, 100.0, 100.0, 0, 0, 0.0),
(2585438, 62036, 0, 0, 0, 816, -6279.9, -4216.88, 264.638, 1.58236, 86400, 86400, 0.0, 100.0, 100.0, 0, 0, 0.0),
(2585443, 62263, 0, 0, 0, 816, -6340.68, -4001.05, 188.554, 2.38089, 86400, 86400, 0.0, 100.0, 100.0, 0, 0, 0.0),
(2585444, 62264, 0, 0, 0, 816, -6340.72, -3997.44, 188.554, 3.97053, 86400, 86400, 0.0, 100.0, 100.0, 0, 0, 0.0),
(2585445, 62264, 0, 0, 0, 816, -6356.8, -4010.54, 188.554, 0.719619, 86400, 86400, 0.0, 100.0, 100.0, 0, 0, 0.0),
(2585446, 62263, 0, 0, 0, 816, -6428.62, -4008.29, 167.759, 0.728719, 86400, 86400, 0.0, 100.0, 100.0, 0, 0, 0.0),
(2585447, 62264, 0, 0, 0, 816, -6236.64, -4002.8, 201.422, 4.61012, 86400, 86400, 0.0, 100.0, 100.0, 0, 0, 0.0),
(2585448, 62264, 0, 0, 0, 816, -6238.33, -4017.47, 201.366, 1.38606, 86400, 86400, 0.0, 100.0, 100.0, 0, 0, 0.0),
(2585449, 62263, 0, 0, 0, 816, -6210.44, -3994.5, 201.345, 0.160834, 86400, 86400, 0.0, 100.0, 100.0, 0, 0, 0.0),
(2585450, 62263, 0, 0, 0, 816, -6203.97, -3992.48, 201.35, 3.63465, 86400, 86400, 0.0, 100.0, 100.0, 0, 0, 0.0),
(2585451, 62264, 0, 0, 0, 816, -6207.23, -3991.11, 201.348, 4.94627, 86400, 86400, 0.0, 100.0, 100.0, 0, 0, 0.0),
(2585452, 62264, 0, 0, 0, 816, -6211.14, -4032.48, 201.278, 2.19109, 86400, 86400, 0.0, 100.0, 100.0, 0, 0, 0.0),
(2585453, 62263, 0, 0, 0, 816, -6175.03, -3994.66, 201.349, 4.04837, 86400, 86400, 0.0, 100.0, 100.0, 0, 0, 0.0),
(2585454, 62264, 0, 0, 0, 816, -6173.05, -3996.61, 201.349, 4.1112, 86400, 86400, 0.0, 100.0, 100.0, 0, 0, 0.0),
(2585455, 62264, 0, 0, 0, 816, -6189.86, -3968.0, 212.465, 1.49957, 86400, 86400, 0.0, 100.0, 100.0, 2, 0, 0.0),
(2585456, 62264, 0, 0, 0, 816, -6212.01, -4003.14, 201.35, 5.01815, 86400, 86400, 0.0, 100.0, 100.0, 2, 0, 0.0),
(2585457, 62264, 0, 0, 0, 816, -6181.27, -3841.27, 252.539, 2.43987, 86400, 86400, 0.0, 100.0, 100.0, 0, 0, 0.0),
(2585458, 62264, 0, 0, 0, 816, -6187.22, -3835.21, 252.54, 5.29872, 86400, 86400, 0.0, 100.0, 100.0, 0, 0, 0.0),
(2585459, 62264, 0, 0, 0, 816, -6259.46, -3828.06, 252.553, 5.90819, 86400, 86400, 0.0, 100.0, 100.0, 0, 0, 0.0),
(2585460, 62263, 0, 0, 0, 816, -6260.82, -3829.47, 252.553, 5.54699, 86400, 86400, 0.0, 100.0, 100.0, 0, 0, 0.0),
(2585461, 62264, 0, 0, 0, 816, -6186.97, -3826.21, 277.349, 2.16413, 86400, 86400, 0.0, 100.0, 100.0, 0, 0, 0.0),
(2585462, 62263, 0, 0, 0, 816, -6190.42, -3826.19, 277.349, 1.00959, 86400, 86400, 0.0, 100.0, 100.0, 0, 0, 0.0),
(2585463, 62035, 0, 0, 0, 816, -6291.41, -3994.92, 73.2132, 1.49677, 86400, 86400, 5.0, 100.0, 100.0, 1, 0, 0.0),
(2585464, 62074, 0, 0, 0, 816, -6293.82, -4070.76, 72.6001, 1.52481, 86400, 86400, 0.0, 100.0, 100.0, 0, 0, 0.0),
(2585465, 62074, 0, 0, 0, 816, -6290.79, -4070.51, 72.6001, 1.60728, 86400, 86400, 0.0, 100.0, 100.0, 0, 0, 0.0),
(2585466, 62036, 0, 0, 0, 816, -6266.93, -4060.77, 73.189, -2.80085, 86400, 86400, 5.0, 100.0, 100.0, 1, 0, 0.0),
(2585468, 4075, 0, 0, 0, 816, -6268.83, -4047.66, 73.189, 2.52562, 86400, 86400, 5.0, 100.0, 100.0, 1, 0, 0.0),
(2585469, 14881, 0, 0, 0, 816, -6289.69, -4050.49, 73.2193, -1.38766, 86400, 86400, 5.0, 100.0, 100.0, 1, 0, 0.0),
(2585470, 4075, 0, 0, 0, 816, -6309.39, -4046.37, 73.2681, 0.347095, 86400, 86400, 5.0, 100.0, 100.0, 1, 0, 0.0),
(2585471, 4075, 0, 0, 0, 816, -6284.52, -3957.89, 74.1784, 2.5474, 86400, 86400, 5.0, 100.0, 100.0, 1, 0, 0.0),
(2585472, 4075, 0, 0, 0, 816, -6258.78, -3926.19, 73.189, -0.720365, 86400, 86400, 5.0, 100.0, 100.0, 1, 0, 0.0),
(2585473, 4075, 0, 0, 0, 816, -6254.55, -3878.41, 74.5103, 2.90535, 86400, 86400, 5.0, 100.0, 100.0, 1, 0, 0.0),
(2585481, 62264, 0, 0, 0, 816, -6352.62, -4064.25, 214.147, 1.52041, 86400, 86400, 0.0, 100.0, 100.0, 0, 0, 0.0),
(2585482, 62264, 0, 0, 0, 816, -6339.45, -4064.36, 214.147, 1.52434, 86400, 86400, 0.0, 100.0, 100.0, 0, 0, 0.0),
(2585606, 62264, 0, 0, 0, 816, -6188.52, -3769.95, 289.312, 4.74081, 86400, 86400, 0.0, 100.0, 100.0, 2, 0, 0.0),
(2585607, 62035, 0, 0, 0, 816, -6458.94, -3852.38, 72.5997, 6.25831, 86400, 86400, 0.0, 100.0, 100.0, 2, 0, 0.0),
(2585608, 62035, 0, 0, 0, 816, -6364.83, -3840.3, 73.1223, -2.73799, 86400, 86400, 5.0, 100.0, 100.0, 1, 0, 0.0),
(2585610, 62035, 0, 0, 0, 816, -6311.89, -3869.77, 75.311, 1.9316, 86400, 86400, 5.0, 100.0, 100.0, 1, 0, 0.0),
(2585611, 62048, 0, 0, 0, 816, -6400.03, -3984.89, 72.5999, 5.33405, 86400, 86400, 0.0, 100.0, 100.0, 0, 0, 0.0),
(2585612, 62036, 0, 0, 0, 816, -6395.76, -3986.24, 72.5999, 3.42161, 86400, 86400, 0.0, 100.0, 100.0, 0, 0, 0.0),
(2585613, 62048, 0, 0, 0, 816, -6399.97, -3989.59, 72.5999, 1.10468, 86400, 86400, 0.0, 100.0, 100.0, 0, 0, 0.0),
(2585614, 62035, 0, 0, 0, 816, -6427.21, -3978.53, 73.1361, -0.0112917, 86400, 86400, 0.0, 100.0, 100.0, 0, 0, 0.0),
(2586675, 62041, 0, 0, 0, 816, -6376.63, -4100.93, 214.147, 1.1073, 86400, 86400, 0.0, 100.0, 100.0, 0, 0, 0.0),
(2586676, 62041, 0, 0, 0, 816, -6258.07, -4067.25, 239.742, 3.81692, 86400, 86400, 0.0, 100.0, 100.0, 0, 0, 0.0),
(2586677, 62041, 0, 0, 0, 816, -6116.22, -4168.51, 322.099, 3.00168, 86400, 86400, 0.0, 100.0, 100.0, 0, 0, 0.0),
(2586678, 62041, 0, 0, 0, 816, -5983.02, -4141.67, 322.099, 0.962789, 86400, 86400, 0.0, 100.0, 100.0, 0, 0, 0.0),
(2586679, 62041, 0, 0, 0, 816, -5994.04, -4277.21, 322.099, 2.94199, 86400, 86400, 0.0, 100.0, 100.0, 0, 0, 0.0),
(2586680, 62041, 0, 0, 0, 816, -5997.28, -4272.08, 322.099, 5.4694, 86400, 86400, 0.0, 100.0, 100.0, 0, 0, 0.0),
(2586681, 62041, 0, 0, 0, 816, -5977.55, -4466.6, 316.281, 1.96047, 86400, 86400, 0.0, 100.0, 100.0, 0, 0, 0.0),
(2586682, 62041, 0, 0, 0, 816, -5996.9, -4508.53, 316.281, 5.6359, 86400, 86400, 0.0, 100.0, 100.0, 0, 0, 0.0),
(2586683, 62263, 0, 0, 0, 816, -6316.79, -4067.38, 214.147, 3.32134, 86400, 86400, 0.0, 100.0, 100.0, 0, 0, 0.0),
(2586684, 62040, 0, 0, 0, 816, -6346.01, -4065.56, 214.147, 1.56597, 86400, 86400, 0.0, 100.0, 100.0, 0, 0, 0.0),
(2586685, 62041, 0, 0, 0, 816, -6347.33, -4066.74, 214.147, 1.56597, 86400, 86400, 0.0, 100.0, 100.0, 0, 0, 0.0),
(2586686, 62041, 0, 0, 0, 816, -6541.3, -4008.31, 216.821, 5.31153, 86400, 86400, 0.0, 100.0, 100.0, 0, 0, 0.0),
(2586813, 62264, 0, 0, 0, 816, -6191.36, -3768.19, 289.308, 4.69029, 86400, 86400, 0.0, 100.0, 100.0, 0, 0, 0.0),
(2586814, 62264, 0, 0, 0, 816, -6185.74, -3768.24, 289.309, 4.66673, 86400, 86400, 0.0, 100.0, 100.0, 0, 0, 0.0),
(2588704, 4075, 0, 0, 0, 816, -6148.02, -4392.63, 303.192, 3.06787, 86400, 86400, 5.0, 100.0, 100.0, 1, 0, 0.0),
(2588706, 62039, 0, 0, 0, 816, -5930.09, -4321.16, 322.099, 5.55586, 86400, 86400, 0.0, 100.0, 100.0, 0, 0, 0.0),
(2588707, 62045, 0, 0, 0, 816, -5926.94, -4320.25, 322.099, 4.28744, 86400, 86400, 0.0, 100.0, 100.0, 0, 0, 0.0),
(2588708, 62040, 0, 0, 0, 816, -5927.18, -4323.51, 322.099, 2.17079, 86400, 86400, 0.0, 100.0, 100.0, 0, 0, 0.0),
(2588709, 62041, 0, 0, 0, 816, -5928.59, -4325.06, 322.099, 1.67992, 86400, 86400, 0.0, 100.0, 100.0, 0, 0, 0.0),
(2588710, 62041, 0, 0, 0, 816, -5916.11, -4301.25, 322.692, -0.239546, 86400, 86400, 5.0, 100.0, 100.0, 1, 0, 0.0),
(2588711, 62041, 0, 0, 0, 816, -5935.08, -4294.0, 323.363, -2.35872, 86400, 86400, 5.0, 100.0, 100.0, 1, 0, 0.0),
(2588713, 62039, 0, 0, 0, 816, -5905.33, -4281.09, 322.099, 4.10916, 86400, 86400, 0.0, 100.0, 100.0, 0, 0, 0.0),
(2588714, 62036, 0, 0, 0, 816, -5904.69, -4285.44, 322.099, 2.20064, 86400, 86400, 0.0, 100.0, 100.0, 0, 0, 0.0),
(2588715, 62036, 0, 0, 0, 816, -5909.3, -4283.16, 322.099, 6.05851, 86400, 86400, 0.0, 100.0, 100.0, 0, 0, 0.0),
(2588716, 62041, 0, 0, 0, 816, -5910.88, -4271.22, 322.713, -0.712064, 86400, 86400, 5.0, 100.0, 100.0, 1, 0, 0.0),
(2588717, 62040, 0, 0, 0, 816, -5884.56, -4255.5, 322.099, 2.84388, 86400, 86400, 0.0, 100.0, 100.0, 0, 0, 0.0),
(2588718, 62040, 0, 0, 0, 816, -5888.08, -4256.97, 322.099, 0.77907, 86400, 86400, 0.0, 100.0, 100.0, 0, 0, 0.0),
(2588719, 62040, 0, 0, 0, 816, -5887.87, -4253.57, 322.099, 5.33359, 86400, 86400, 0.0, 100.0, 100.0, 0, 0, 0.0),
(2588720, 62041, 0, 0, 0, 816, -5869.41, -4261.99, 322.689, -2.29125, 86400, 86400, 5.0, 100.0, 100.0, 1, 0, 0.0),
(2588723, 62051, 0, 0, 0, 816, -5905.91, -4233.02, 322.1, 3.82013, 86400, 86400, 0.0, 100.0, 100.0, 0, 0, 0.0),
(2588724, 62040, 0, 0, 0, 816, -5909.83, -4235.85, 322.1, 0.368546, 86400, 86400, 0.0, 100.0, 100.0, 0, 0, 0.0),
(2588725, 62041, 0, 0, 0, 816, -5911.47, -4234.77, 322.1, 0.466721, 86400, 86400, 0.0, 100.0, 100.0, 0, 0, 0.0),
(2588726, 62039, 0, 0, 0, 816, -5906.24, -4236.32, 322.1, 2.48205, 86400, 86400, 0.0, 100.0, 100.0, 0, 0, 0.0),
(2588727, 62051, 0, 0, 0, 816, -5926.89, -4255.65, 322.1, 3.91776, 86400, 86400, 0.0, 100.0, 100.0, 0, 0, 0.0),
(2588728, 62036, 0, 0, 0, 816, -5930.46, -4255.76, 322.1, 5.95351, 86400, 86400, 0.0, 100.0, 100.0, 0, 0, 0.0),
(2588730, 62041, 0, 0, 0, 816, -5927.79, -4260.04, 322.689, 1.22941, 86400, 86400, 5.0, 100.0, 100.0, 1, 0, 0.0),
(2588734, 62040, 0, 0, 0, 816, -5931.97, -4193.64, 322.689, -2.32948, 86400, 86400, 0.0, 100.0, 100.0, 0, 0, 0.0),
(2588735, 62041, 0, 0, 0, 816, -5933.96, -4178.61, 322.689, 1.21913, 86400, 86400, 0.0, 100.0, 100.0, 0, 0, 0.0),
(2588736, 62041, 0, 0, 0, 816, -5917.5, -4197.19, 322.689, 0.708725, 86400, 86400, 0.0, 100.0, 100.0, 0, 0, 0.0),
(2588737, 62041, 0, 0, 0, 816, -5905.05, -4200.33, 322.689, 0.258771, 86400, 86400, 0.0, 100.0, 100.0, 0, 0, 0.0),
(2588738, 62041, 0, 0, 0, 816, -5887.97, -4251.22, 322.099, 5.26165, 86400, 86400, 0.0, 100.0, 100.0, 0, 0, 0.0),
(2588739, 62041, 0, 0, 0, 816, -5884.21, -4257.19, 322.318, 2.85598, 86400, 86400, 0.0, 100.0, 100.0, 0, 0, 0.0),
(2588740, 62041, 0, 0, 0, 816, -5889.79, -4256.5, 322.099, 0.684354, 86400, 86400, 0.0, 100.0, 100.0, 0, 0, 0.0),
(2588741, 62041, 0, 0, 0, 816, -5865.07, -4312.78, 322.661, -1.05089, 86400, 86400, 0.0, 100.0, 100.0, 0, 0, 0.0),
(2588743, 62036, 0, 0, 0, 816, -5884.05, -4318.06, 322.099, 3.91784, 86400, 86400, 0.0, 100.0, 100.0, 0, 0, 0.0),
(2588744, 62040, 0, 0, 0, 816, -5885.22, -4322.93, 322.099, 1.66531, 86400, 86400, 0.0, 100.0, 100.0, 0, 0, 0.0),
(2588745, 62051, 0, 0, 0, 816, -5887.59, -4319.89, 322.099, 6.2811, 86400, 86400, 0.0, 100.0, 100.0, 0, 0, 0.0),
(2588746, 62041, 0, 0, 0, 816, -5883.44, -4324.67, 322.099, 1.62761, 86400, 86400, 0.0, 100.0, 100.0, 0, 0, 0.0),
(2588747, 62041, 0, 0, 0, 816, -5911.3, -4344.99, 322.727, -2.52125, 86400, 86400, 5.0, 100.0, 100.0, 1, 0, 0.0),
(2588749, 62041, 0, 0, 0, 816, -5890.47, -4357.91, 322.692, 1.69681, 86400, 86400, 5.0, 100.0, 100.0, 1, 0, 0.0),
(2588750, 62040, 0, 0, 0, 816, -5908.56, -4385.34, 322.099, 0.655289, 86400, 86400, 0.0, 100.0, 100.0, 0, 0, 0.0),
(2588751, 62041, 0, 0, 0, 816, -5910.49, -4384.7, 322.099, 0.655289, 86400, 86400, 0.0, 100.0, 100.0, 0, 0, 0.0),
(2588752, 62051, 0, 0, 0, 816, -5907.6, -4381.45, 322.099, 4.77863, 86400, 86400, 0.0, 100.0, 100.0, 0, 0, 0.0),
(2588753, 62036, 0, 0, 0, 816, -5904.83, -4384.42, 322.099, 3.05757, 86400, 86400, 0.0, 100.0, 100.0, 0, 0, 0.0),
(2588754, 62041, 0, 0, 0, 816, -5932.22, -4397.55, 322.692, 0.498056, 86400, 86400, 5.0, 100.0, 100.0, 1, 0, 0.0),
(2588755, 62041, 0, 0, 0, 816, -5970.17, -4385.84, 322.692, 2.12667, 86400, 86400, 5.0, 100.0, 100.0, 1, 0, 0.0),
(2588756, 62041, 0, 0, 0, 816, -6030.01, -4192.08, 322.689, 2.3515, 86400, 86400, 5.0, 100.0, 100.0, 1, 0, 0.0),
(2588757, 62041, 0, 0, 0, 816, -6036.75, -4188.36, 322.689, -0.751625, 86400, 86400, 5.0, 100.0, 100.0, 1, 0, 0.0),
(2588758, 62036, 0, 0, 0, 816, -6053.28, -4198.14, 322.099, 5.8529, 86400, 86400, 0.0, 100.0, 100.0, 0, 0, 0.0),
(2588759, 62040, 0, 0, 0, 816, -6050.11, -4199.27, 322.099, 2.82519, 86400, 86400, 0.0, 100.0, 100.0, 0, 0, 0.0),
(2588760, 62041, 0, 0, 0, 816, -6048.98, -4200.84, 322.099, 2.91944, 86400, 86400, 0.0, 100.0, 100.0, 0, 0, 0.0),
(2588761, 62040, 0, 0, 0, 816, -6072.45, -4228.85, 322.099, 3.78338, 86400, 86400, 0.0, 100.0, 100.0, 0, 0, 0.0),
(2588762, 62041, 0, 0, 0, 816, -6071.68, -4227.34, 322.099, 5.57408, 86400, 86400, 5.0, 100.0, 100.0, 1, 0, 0.0),
(2588763, 62041, 0, 0, 0, 816, -6029.63, -4254.61, 322.689, 0.362875, 86400, 86400, 5.0, 100.0, 100.0, 1, 0, 0.0),
(2588764, 62036, 0, 0, 0, 816, -5995.23, -4364.02, 322.099, 4.10618, 86400, 86400, 0.0, 100.0, 100.0, 0, 0, 0.0),
(2588765, 62040, 0, 0, 0, 816, -5999.08, -4365.99, 322.099, 0.147769, 86400, 86400, 0.0, 100.0, 100.0, 0, 0, 0.0),
(2588766, 62041, 0, 0, 0, 816, -6000.31, -4364.45, 322.099, 0.0221052, 86400, 86400, 0.0, 100.0, 100.0, 0, 0, 0.0),
(2588767, 62051, 0, 0, 0, 816, -5995.52, -4368.33, 322.099, 1.96204, 86400, 86400, 0.0, 100.0, 100.0, 0, 0, 0.0),
(2588768, 62041, 0, 0, 0, 816, -6027.84, -4389.56, 322.192, -2.70041, 86400, 86400, 5.0, 100.0, 100.0, 1, 0, 0.0),
(2588769, 62041, 0, 0, 0, 816, -6027.31, -4405.5, 322.692, -1.59905, 86400, 86400, 5.0, 100.0, 100.0, 1, 0, 0.0),
(2588770, 62040, 0, 0, 0, 816, -6029.26, -4396.78, 322.192, -1.98543, 86400, 86400, 0.0, 100.0, 100.0, 0, 0, 0.0),
(2588772, 62045, 0, 0, 0, 816, -6073.0, -4324.33, 322.099, 2.49846, 86400, 86400, 0.0, 100.0, 100.0, 0, 0, 0.0),
(2588773, 62040, 0, 0, 0, 816, -6074.73, -4321.22, 322.099, 4.93713, 86400, 86400, 0.0, 100.0, 100.0, 0, 0, 0.0),
(2588774, 62040, 0, 0, 0, 816, -6076.25, -4324.53, 322.099, 0.735242, 86400, 86400, 0.0, 100.0, 100.0, 0, 0, 0.0),
(2588775, 62041, 0, 0, 0, 816, -6078.18, -4324.07, 322.099, 0.735242, 86400, 86400, 0.0, 100.0, 100.0, 0, 0, 0.0),
(2588776, 62041, 0, 0, 0, 816, -6073.73, -4319.37, 322.099, 5.05886, 86400, 86400, 0.0, 100.0, 100.0, 0, 0, 0.0),
(2588778, 62041, 0, 0, 0, 816, -6053.33, -4343.16, 322.692, -1.79771, 86400, 86400, 5.0, 100.0, 100.0, 1, 0, 0.0),
(2588779, 62041, 0, 0, 0, 816, -6063.33, -4340.11, 322.692, 0.327006, 86400, 86400, 5.0, 100.0, 100.0, 1, 0, 0.0),
(2588780, 62040, 0, 0, 0, 816, -6064.64, -4387.39, 322.099, 0.428935, 86400, 86400, 0.0, 100.0, 100.0, 0, 0, 0.0),
(2588781, 62041, 0, 0, 0, 816, -6065.51, -4381.97, 322.692, 0.575363, 86400, 86400, 5.0, 100.0, 100.0, 1, 0, 0.0),
(2588782, 62041, 0, 0, 0, 816, -6064.71, -4387.39, 322.692, 2.55072, 86400, 86400, 5.0, 100.0, 100.0, 1, 0, 0.0),
(2588795, 62453, 0, 0, 0, 816, -6021.28, -4361.11, 323.958, 6.2784, 86400, 86400, 0.0, 100.0, 100.0, 0, 0, 0.0),
(2588796, 62453, 0, 0, 0, 816, -6087.11, -4289.63, 324.426, 6.24738, 86400, 86400, 0.0, 100.0, 100.0, 0, 0, 0.0),
(2588797, 62453, 0, 0, 0, 816, -6021.87, -4217.88, 323.957, 6.27409, 86400, 86400, 0.0, 100.0, 100.0, 0, 0, 0.0),
(2588798, 62453, 0, 0, 0, 816, -5940.86, -4217.44, 323.957, 3.12071, 86400, 86400, 0.0, 100.0, 100.0, 0, 0, 0.0),
(2588799, 62453, 0, 0, 0, 816, -5874.59, -4288.79, 324.426, 3.13643, 86400, 86400, 0.0, 100.0, 100.0, 0, 0, 0.0),
(2588800, 62453, 0, 0, 0, 816, -5939.85, -4360.82, 323.957, 3.11679, 86400, 86400, 0.0, 100.0, 100.0, 0, 0, 0.0),
(2592355, 62047, 0, 0, 0, 816, -6069.97, -4179.86, 329.651, 0.76536, 86400, 86400, 0.0, 100.0, 100.0, 2, 0, 0.0);

-- ==============================================
-- FILE: creature_equip_template_dragonmaw.sql
-- GENERATED: 20260529182210
-- ==============================================
INSERT INTO `creature_equip_template`
(
    `entry`,
    `equipentry1`,
    `equipentry2`,
    `equipentry3`
)
VALUES
(62046, 1726, 0, 11307),
(62048, 2878, 0, 11307),
(20570, 3201, 0, 0),
(20571, 5306, 0, 0),
(20573, 885, 2081, 0),
(20574, 16889, 0, 0),
(20575, 2525, 0, 0),
(20642, 4826, 0, 0),
(20643, 2807, 9843, 0),
(62047, 2807, 41721, 0),
(20572, 2014, 0, 0);

-- ==============================================
-- FILE: creature_movement_dragonmaw.sql
-- GENERATED: 20260529182210
-- ==============================================
INSERT INTO `creature_movement`
(
    `id`,
    `point`,
    `position_x`,
    `position_y`,
    `position_z`,
    `orientation`,
    `waittime`,
    `wander_distance`,
    `script_id`
)
VALUES
(2584704, 1, -6272.67, -3664.59, 256.223, 100.0, 0, 0.0, 0),
(2584704, 2, -6249.5, -3656.93, 252.653, 100.0, 0, 0.0, 0),
(2584704, 3, -6225.43, -3649.83, 252.251, 100.0, 0, 0.0, 0),
(2584704, 4, -6209.2, -3663.73, 240.879, 100.0, 0, 0.0, 0),
(2584704, 5, -6191.99, -3665.75, 240.879, 100.0, 0, 0.0, 0),
(2584704, 6, -6209.2, -3663.73, 240.879, 100.0, 0, 0.0, 0),
(2584704, 7, -6225.43, -3649.83, 252.251, 100.0, 0, 0.0, 0),
(2584704, 8, -6249.5, -3656.93, 252.653, 100.0, 0, 0.0, 0),
(2584715, 1, -6269.37, -3618.69, 276.041, 100.0, 0, 0.0, 0),
(2584715, 2, -6260.14, -3614.96, 275.665, 100.0, 0, 0.0, 0),
(2584715, 3, -6228.43, -3621.78, 275.933, 100.0, 0, 0.0, 0),
(2584715, 4, -6218.08, -3619.93, 275.531, 100.0, 0, 0.0, 0),
(2584715, 5, -6206.46, -3608.2, 275.531, 100.0, 0, 0.0, 0),
(2584715, 6, -6218.08, -3619.93, 275.531, 100.0, 0, 0.0, 0),
(2584715, 7, -6228.43, -3621.78, 275.933, 100.0, 0, 0.0, 0),
(2584715, 8, -6260.14, -3614.96, 275.665, 100.0, 0, 0.0, 0),
(2584721, 1, -6194.58, -3688.74, 289.34, 100.0, 0, 0.0, 0),
(2584721, 2, -6196.41, -3651.64, 289.441, 100.0, 0, 0.0, 0),
(2584721, 3, -6180.22, -3650.37, 289.54, 100.0, 0, 0.0, 0),
(2584721, 4, -6169.06, -3621.72, 282.42, 100.0, 0, 0.0, 0),
(2584721, 5, -6179.15, -3608.5, 280.046, 100.0, 0, 0.0, 0),
(2584721, 6, -6202.29, -3605.04, 275.428, 100.0, 0, 0.0, 0),
(2584721, 7, -6179.15, -3608.5, 280.046, 100.0, 0, 0.0, 0),
(2584721, 8, -6169.06, -3621.72, 282.42, 100.0, 0, 0.0, 0),
(2584721, 9, -6180.22, -3650.37, 289.54, 100.0, 0, 0.0, 0),
(2584721, 10, -6196.41, -3651.64, 289.441, 100.0, 0, 0.0, 0),
(2584726, 1, -6080.93, -3626.9, 325.644, 100.0, 0, 0.0, 0),
(2584726, 2, -6114.76, -3627.01, 325.629, 100.0, 0, 0.0, 0),
(2584726, 3, -6119.79, -3628.64, 326.063, 100.0, 0, 0.0, 0),
(2584726, 4, -6139.01, -3627.96, 326.201, 100.0, 0, 0.0, 0),
(2584726, 5, -6215.67, -3628.98, 325.795, 100.0, 0, 0.0, 0),
(2584726, 6, -6139.01, -3627.96, 326.201, 100.0, 0, 0.0, 0),
(2584726, 7, -6119.79, -3628.64, 326.063, 100.0, 0, 0.0, 0),
(2584726, 8, -6114.76, -3627.01, 325.629, 100.0, 0, 0.0, 0),
(2584740, 1, -5979.09, -3626.15, 325.644, 100.0, 0, 0.0, 0),
(2584740, 2, -6077.69, -3626.82, 325.644, 100.0, 0, 0.0, 0),
(2585606, 1, -6188.52, -3769.95, 289.312, 100.0, 0, 0.0, 0),
(2585606, 2, -6188.48, -3823.34, 277.349, 100.0, 0, 0.0, 0),
(2585606, 3, -6245.49, -3823.61, 252.555, 100.0, 0, 0.0, 0),
(2585606, 4, -6188.48, -3823.34, 277.349, 100.0, 0, 0.0, 0),
(2584911, 1, -6190.12, -3943.56, 227.355, 100.0, 0, 0.0, 0),
(2584911, 2, -6190.46, -3901.49, 252.538, 100.0, 0, 0.0, 0),
(2584911, 3, -6190.43, -3856.68, 252.538, 100.0, 0, 0.0, 0),
(2584911, 4, -6187.03, -3840.52, 252.539, 100.0, 0, 0.0, 0),
(2584911, 5, -6207.54, -3836.18, 252.545, 100.0, 0, 0.0, 0),
(2584911, 6, -6248.53, -3835.31, 252.551, 100.0, 0, 0.0, 0),
(2584911, 7, -6207.54, -3836.18, 252.545, 100.0, 0, 0.0, 0),
(2584911, 8, -6187.03, -3840.52, 252.539, 100.0, 0, 0.0, 0),
(2584911, 9, -6190.43, -3856.68, 252.538, 100.0, 0, 0.0, 0),
(2584911, 10, -6190.46, -3901.49, 252.538, 100.0, 0, 0.0, 0),
(2585455, 1, -6189.86, -3968.0, 212.465, 100.0, 0, 0.0, 0),
(2585455, 2, -6189.57, -3986.2, 201.365, 100.0, 0, 0.0, 0),
(2585455, 3, -6189.41, -4007.36, 201.351, 100.0, 0, 0.0, 0),
(2585455, 4, -6189.57, -3986.2, 201.365, 100.0, 0, 0.0, 0),
(2584884, 1, -6169.58, -4006.09, 201.348, 100.0, 0, 0.0, 0),
(2584884, 2, -6232.88, -4007.17, 201.327, 100.0, 0, 0.0, 0),
(2585456, 1, -6212.01, -4003.14, 201.35, 100.0, 0, 0.0, 0),
(2585456, 2, -6205.71, -4021.51, 201.349, 100.0, 0, 0.0, 0),
(2585456, 3, -6173.24, -4025.93, 201.275, 100.0, 0, 0.0, 0),
(2585456, 4, -6205.71, -4021.51, 201.349, 100.0, 0, 0.0, 0),
(2585456, 5, -6223.41, -4020.47, 201.348, 100.0, 0, 0.0, 0),
(2585456, 6, -6225.04, -4004.59, 201.264, 100.0, 0, 0.0, 0),
(2584883, 1, -6141.22, -4026.97, 201.349, 100.0, 0, 0.0, 0),
(2584883, 2, -6188.94, -4021.57, 201.348, 100.0, 0, 0.0, 0),
(2584883, 3, -6224.99, -4022.14, 201.346, 100.0, 0, 0.0, 0),
(2584883, 4, -6188.94, -4021.57, 201.348, 100.0, 0, 0.0, 0),
(2584870, 1, -6346.75, -4005.59, 188.554, 100.0, 0, 0.0, 0),
(2584870, 2, -6248.5, -4004.5, 196.694, 100.0, 0, 0.0, 0),
(2584870, 3, -6238.36, -4009.85, 201.398, 100.0, 0, 0.0, 0),
(2584870, 4, -6248.5, -4004.5, 196.694, 100.0, 0, 0.0, 0),
(2584871, 1, -6318.2, -4073.15, 214.146, 100.0, 0, 0.0, 0),
(2584871, 2, -6345.46, -4073.63, 214.147, 100.0, 0, 0.0, 0),
(2584871, 3, -6345.94, -4022.31, 190.291, 100.0, 0, 0.0, 0),
(2584871, 4, -6345.46, -4073.63, 214.147, 100.0, 0, 0.0, 0),
(2584859, 1, -6350.41, -4107.82, 214.689, 100.0, 0, 0.0, 0),
(2584859, 2, -6337.84, -4106.85, 214.147, 100.0, 0, 0.0, 0),
(2584859, 3, -6329.07, -4099.22, 214.147, 100.0, 0, 0.0, 0),
(2584859, 4, -6333.05, -4076.35, 214.147, 100.0, 0, 0.0, 0),
(2584859, 5, -6361.86, -4077.55, 214.147, 100.0, 0, 0.0, 0),
(2584859, 6, -6374.79, -4083.62, 214.147, 100.0, 0, 0.0, 0),
(2584859, 7, -6372.37, -4100.68, 214.147, 100.0, 0, 0.0, 0),
(2584859, 8, -6366.4, -4107.57, 214.147, 100.0, 0, 0.0, 0),
(2584855, 1, -6333.05, -4076.35, 214.147, 100.0, 0, 0.0, 0),
(2584855, 2, -6361.86, -4077.55, 214.147, 100.0, 0, 0.0, 0),
(2584855, 3, -6374.79, -4083.62, 214.147, 100.0, 0, 0.0, 0),
(2584855, 4, -6372.37, -4100.68, 214.147, 100.0, 0, 0.0, 0),
(2584855, 5, -6366.4, -4107.57, 214.147, 100.0, 0, 0.0, 0),
(2584855, 6, -6350.41, -4107.82, 214.147, 100.0, 0, 0.0, 0),
(2584855, 7, -6337.84, -4106.85, 214.147, 100.0, 0, 0.0, 0),
(2584855, 8, -6329.07, -4099.22, 214.147, 100.0, 0, 0.0, 0),
(2585102, 1, -6261.92, -4126.33, 264.827, 100.0, 0, 0.0, 0),
(2585102, 2, -6261.82, -4072.79, 239.741, 100.0, 0, 0.0, 0),
(2585102, 3, -6317.02, -4073.38, 214.148, 100.0, 0, 0.0, 0),
(2585102, 4, -6261.82, -4072.79, 239.741, 100.0, 0, 0.0, 0),
(2584991, 1, -6280.59, -4138.86, 264.827, 100.0, 0, 0.0, 0),
(2584991, 2, -6280.29, -4214.81, 264.621, 100.0, 0, 0.0, 0),
(2585103, 1, -6280.13, -4210.28, 264.648, 100.0, 0, 0.0, 0),
(2585103, 2, -6280.24, -4104.28, 264.826, 100.0, 0, 0.0, 0),
(2584994, 1, -6283.68, -4098.5, 264.826, 100.0, 0, 0.0, 0),
(2584994, 2, -6276.92, -4110.19, 264.826, 100.0, 0, 0.0, 0),
(2584994, 3, -6276.55, -4131.32, 264.826, 100.0, 0, 0.0, 0),
(2584994, 4, -6292.67, -4131.02, 264.826, 100.0, 0, 0.0, 0),
(2584994, 5, -6304.3, -4111.77, 264.826, 100.0, 0, 0.0, 0),
(2584994, 6, -6301.83, -4097.42, 264.826, 100.0, 0, 0.0, 0),
(2584869, 1, -6423.38, -3991.61, 167.758, 100.0, 0, 0.0, 0),
(2584869, 2, -6423.62, -4004.79, 167.758, 100.0, 0, 0.0, 0),
(2584869, 3, -6368.63, -4004.75, 188.554, 100.0, 0, 0.0, 0),
(2584869, 4, -6423.62, -4004.79, 167.758, 100.0, 0, 0.0, 0),
(2585607, 1, -6458.94, -3852.38, 72.5997, 100.0, 0, 0.0, 0),
(2585607, 2, -6412.69, -3848.51, 72.5997, 100.0, 0, 0.0, 0),
(2585607, 3, -6401.6, -3866.64, 72.5999, 100.0, 0, 0.0, 0),
(2585607, 4, -6404.63, -3891.6, 72.6004, 100.0, 0, 0.0, 0),
(2585607, 5, -6436.62, -3914.6, 72.6004, 100.0, 0, 0.0, 0),
(2585607, 6, -6456.31, -3913.14, 72.6004, 100.0, 0, 0.0, 0),
(2584978, 1, -6282.4, -3965.46, 72.6007, 100.0, 0, 0.0, 0),
(2584978, 2, -6288.81, -3971.0, 72.6007, 100.0, 0, 0.0, 0),
(2584978, 3, -6292.07, -3986.55, 72.6007, 100.0, 0, 0.0, 0),
(2584978, 4, -6274.8, -4040.49, 72.6007, 100.0, 0, 0.0, 0),
(2584978, 5, -6261.42, -4062.63, 72.6007, 100.0, 0, 0.0, 0),
(2584978, 6, -6274.8, -4040.49, 72.5999, 100.0, 0, 0.0, 0),
(2584978, 7, -6292.07, -3986.55, 72.6007, 100.0, 0, 0.0, 0),
(2584978, 8, -6288.81, -3971.0, 72.6001, 100.0, 0, 0.0, 0),
(2584852, 1, -6385.26, -4097.14, 214.147, 100.0, 0, 0.0, 0),
(2584852, 2, -6535.66, -4098.04, 238.14, 100.0, 0, 0.0, 0),
(2584840, 1, -6527.76, -4087.58, 238.136, 100.0, 0, 0.0, 0),
(2584840, 2, -6527.86, -4024.53, 216.8, 100.0, 0, 0.0, 0),
(2584840, 3, -6534.71, -3995.19, 216.833, 100.0, 0, 0.0, 0),
(2584840, 4, -6533.18, -3952.48, 216.833, 100.0, 0, 0.0, 0),
(2584840, 5, -6534.71, -3995.19, 216.833, 100.0, 0, 0.0, 0),
(2584840, 6, -6527.86, -4024.53, 216.8, 100.0, 0, 0.0, 0),
(2584837, 1, -6574.23, -4120.64, 228.905, 100.0, 0, 0.0, 0),
(2584837, 2, -6574.08, -4111.59, 228.62, 100.0, 0, 0.0, 0),
(2584837, 3, -6596.71, -4018.89, 216.735, 100.0, 0, 0.0, 0),
(2584837, 4, -6574.08, -4111.59, 228.62, 100.0, 0, 0.0, 0),
(2584745, 1, -6487.43, -4271.87, 237.267, 100.0, 0, 0.0, 0),
(2584745, 2, -6511.5, -4237.21, 234.341, 100.0, 0, 0.0, 0),
(2584745, 3, -6528.9, -4218.15, 232.559, 100.0, 0, 0.0, 0),
(2584745, 4, -6568.12, -4177.52, 229.35, 100.0, 0, 0.0, 0),
(2584745, 5, -6573.84, -4127.53, 228.892, 100.0, 0, 0.0, 0),
(2584745, 6, -6568.12, -4177.52, 229.35, 100.0, 0, 0.0, 0),
(2584745, 7, -6528.9, -4218.15, 232.559, 100.0, 0, 0.0, 0),
(2584745, 8, -6511.5, -4237.21, 234.341, 100.0, 0, 0.0, 0),
(2584784, 1, -6350.55, -4303.64, 266.142, 100.0, 0, 0.0, 0),
(2584784, 2, -6354.07, -4303.36, 266.046, 100.0, 0, 0.0, 0),
(2584784, 3, -6398.86, -4288.13, 263.543, 100.0, 0, 0.0, 0),
(2584784, 4, -6408.64, -4288.92, 263.192, 100.0, 0, 0.0, 0),
(2584784, 5, -6398.86, -4288.13, 263.543, 100.0, 0, 0.0, 0),
(2584784, 6, -6354.07, -4303.36, 266.046, 100.0, 0, 0.0, 0),
(2585044, 1, -6264.08, -4276.57, 265.895, 100.0, 0, 0.0, 0),
(2585044, 2, -6316.03, -4270.34, 265.954, 100.0, 0, 0.0, 0),
(2585044, 3, -6326.55, -4254.44, 265.638, 100.0, 0, 0.0, 0),
(2585044, 4, -6325.94, -4280.46, 266.214, 100.0, 0, 0.0, 0),
(2585044, 5, -6316.03, -4270.34, 265.954, 100.0, 0, 0.0, 0),
(2585054, 1, -6252.65, -4269.07, 265.667, 100.0, 0, 0.0, 0),
(2585054, 2, -6279.73, -4243.85, 265.24, 100.0, 0, 0.0, 0),
(2585054, 3, -6280.22, -4221.32, 264.738, 100.0, 0, 0.0, 0),
(2585054, 4, -6279.73, -4243.85, 265.24, 100.0, 0, 0.0, 0),
(2585081, 1, -6284.1, -4310.77, 266.168, 100.0, 0, 0.0, 0),
(2585081, 2, -6250.82, -4306.6, 266.167, 100.0, 0, 0.0, 0),
(2585081, 3, -6234.13, -4317.69, 266.167, 100.0, 0, 0.0, 0),
(2585081, 4, -6249.67, -4339.85, 266.167, 100.0, 0, 0.0, 0),
(2585081, 5, -6264.57, -4347.01, 266.167, 100.0, 0, 0.0, 0),
(2585081, 6, -6284.1, -4310.77, 266.168, 100.0, 0, 0.0, 0),
(2585081, 7, -6290.96, -4309.84, 266.168, 100.0, 0, 0.0, 0),
(2585084, 1, -6340.5, -4381.27, 290.162, 100.0, 0, 0.0, 0),
(2585084, 2, -6270.49, -4381.04, 302.159, 100.0, 0, 0.0, 0),
(2585084, 3, -6270.83, -4394.1, 302.159, 100.0, 0, 0.0, 0),
(2585084, 4, -6270.49, -4381.04, 302.159, 100.0, 0, 0.0, 0),
(2585090, 1, -6267.53, -4406.89, 302.832, 100.0, 0, 0.0, 0),
(2585090, 2, -6312.82, -4406.89, 302.159, 100.0, 0, 0.0, 0),
(2585091, 1, -6311.58, -4399.0, 302.159, 100.0, 0, 0.0, 0),
(2585091, 2, -6237.34, -4397.83, 302.159, 100.0, 0, 0.0, 0),
(2585092, 1, -6193.07, -4397.22, 302.879, 100.0, 0, 0.0, 0),
(2585092, 2, -6138.51, -4398.15, 302.158, 100.0, 0, 0.0, 0),
(2585093, 1, -6111.44, -4404.05, 301.817, 100.0, 0, 0.0, 0),
(2585093, 2, -6099.94, -4410.42, 301.817, 100.0, 0, 0.0, 0),
(2585093, 3, -6092.79, -4419.86, 301.904, 100.0, 0, 0.0, 0),
(2585093, 4, -6066.67, -4463.62, 316.213, 100.0, 0, 0.0, 0),
(2585093, 5, -6046.12, -4479.34, 316.417, 100.0, 0, 0.0, 0),
(2585093, 6, -6021.43, -4491.03, 316.227, 100.0, 0, 0.0, 0),
(2585093, 7, -6046.12, -4479.34, 316.417, 100.0, 0, 0.0, 0),
(2585093, 8, -6066.67, -4463.62, 316.213, 100.0, 0, 0.0, 0),
(2585093, 9, -6092.79, -4419.86, 301.904, 100.0, 0, 0.0, 0),
(2585093, 10, -6099.94, -4410.42, 301.817, 100.0, 0, 0.0, 0),
(2584999, 1, -5979.23, -4548.37, 316.281, 100.0, 0, 0.0, 0),
(2584999, 2, -5980.04, -4428.64, 319.759, 100.0, 0, 0.0, 0),
(2584790, 1, -5981.51, -4187.14, 322.099, 100.0, 0, 0.0, 0),
(2584790, 2, -5980.26, -4392.84, 322.099, 100.0, 0, 0.0, 0),
(2592355, 1, -6069.97, -4179.86, 329.651, 100.0, 0, 0.0, 0),
(2592355, 2, -6055.77, -4164.43, 329.651, 100.0, 0, 0.0, 0),
(2592355, 3, -6030.62, -4140.77, 322.1, 100.0, 0, 0.0, 0),
(2592355, 4, -6010.66, -4140.07, 322.1, 100.0, 0, 0.0, 0),
(2592355, 5, -6030.62, -4140.77, 322.099, 100.0, 0, 0.0, 0),
(2592355, 6, -6055.77, -4164.43, 329.651, 100.0, 0, 0.0, 0);

-- ==============================================
-- FILE: creature_template_dragonmaw.sql
-- GENERATED: 20260529182210
-- ==============================================
UPDATE creature_template
SET display_id1 = display_id1,
    display_id2 = display_id2,
    display_id3 = display_id3,
    display_id4 = display_id4,
    speed_walk = speed_walk,
    speed_run = speed_run,
    unit_flags = unit_flags,
    dynamic_flags = dynamic_flags,
    auras = 'auras'
WHERE entry = entry;

UPDATE creature_template
SET display_id1 = 1141,
    display_id2 = 1418,
    display_id3 = 2176,
    display_id4 = 0,
    speed_walk = 1,
    speed_run = 0.857143,
    unit_flags = 524288,
    dynamic_flags = 12,
    auras = NULL
WHERE entry = 4075;

UPDATE creature_template
SET display_id1 = 9330,
    display_id2 = 0,
    display_id3 = 0,
    display_id4 = 0,
    speed_walk = 1,
    speed_run = 1.14286,
    unit_flags = 33536,
    dynamic_flags = 0,
    auras = NULL
WHERE entry = 10116;

UPDATE creature_template
SET display_id1 = 1160,
    display_id2 = 2536,
    display_id3 = 9829,
    display_id4 = 14952,
    speed_walk = 1,
    speed_run = 0.857143,
    unit_flags = 32768,
    dynamic_flags = 0,
    auras = NULL
WHERE entry = 14881;

UPDATE creature_template
SET display_id1 = 20663,
    display_id2 = 0,
    display_id3 = 0,
    display_id4 = 0,
    speed_walk = 1,
    speed_run = 1.14286,
    unit_flags = 32832,
    dynamic_flags = 2,
    auras = NULL
WHERE entry = 62035;

UPDATE creature_template
SET display_id1 = 20664,
    display_id2 = 0,
    display_id3 = 0,
    display_id4 = 0,
    speed_walk = 1,
    speed_run = 1.14286,
    unit_flags = 32768,
    dynamic_flags = 2,
    auras = NULL
WHERE entry = 62036;

UPDATE creature_template
SET display_id1 = 20665,
    display_id2 = 0,
    display_id3 = 0,
    display_id4 = 0,
    speed_walk = 1,
    speed_run = 1.14286,
    unit_flags = 32768,
    dynamic_flags = 2,
    auras = NULL
WHERE entry = 62037;

UPDATE creature_template
SET display_id1 = 20666,
    display_id2 = 0,
    display_id3 = 0,
    display_id4 = 0,
    speed_walk = 1,
    speed_run = 1.14286,
    unit_flags = 32768,
    dynamic_flags = 2,
    auras = NULL
WHERE entry = 62038;

UPDATE creature_template
SET display_id1 = 20667,
    display_id2 = 0,
    display_id3 = 0,
    display_id4 = 0,
    speed_walk = 1,
    speed_run = 1.14286,
    unit_flags = 32768,
    dynamic_flags = 2,
    auras = NULL
WHERE entry = 62039;

UPDATE creature_template
SET display_id1 = 20668,
    display_id2 = 0,
    display_id3 = 0,
    display_id4 = 0,
    speed_walk = 1,
    speed_run = 1.14286,
    unit_flags = 32768,
    dynamic_flags = 12,
    auras = NULL
WHERE entry = 62040;

UPDATE creature_template
SET display_id1 = 956,
    display_id2 = 0,
    display_id3 = 0,
    display_id4 = 0,
    speed_walk = 1,
    speed_run = 1.14286,
    unit_flags = 32768,
    dynamic_flags = 12,
    auras = NULL
WHERE entry = 62041;

UPDATE creature_template
SET display_id1 = 20670,
    display_id2 = 0,
    display_id3 = 0,
    display_id4 = 0,
    speed_walk = 1,
    speed_run = 1.14286,
    unit_flags = 32768,
    dynamic_flags = 2,
    auras = NULL
WHERE entry = 62045;

UPDATE creature_template
SET display_id1 = 20671,
    display_id2 = 0,
    display_id3 = 0,
    display_id4 = 0,
    speed_walk = 1,
    speed_run = 1.14286,
    unit_flags = 32768,
    dynamic_flags = 2,
    auras = NULL
WHERE entry = 62046;

UPDATE creature_template
SET display_id1 = 20672,
    display_id2 = 0,
    display_id3 = 0,
    display_id4 = 0,
    speed_walk = 1,
    speed_run = 1.14286,
    unit_flags = 32768,
    dynamic_flags = 12,
    auras = NULL
WHERE entry = 62047;

UPDATE creature_template
SET display_id1 = 4926,
    display_id2 = 0,
    display_id3 = 0,
    display_id4 = 0,
    speed_walk = 1,
    speed_run = 1.14286,
    unit_flags = 32768,
    dynamic_flags = 12,
    auras = NULL
WHERE entry = 62048;

UPDATE creature_template
SET display_id1 = 4913,
    display_id2 = 0,
    display_id3 = 0,
    display_id4 = 0,
    speed_walk = 1,
    speed_run = 1.14286,
    unit_flags = 32768,
    dynamic_flags = 12,
    auras = NULL
WHERE entry = 62051;

UPDATE creature_template
SET display_id1 = 355,
    display_id2 = 0,
    display_id3 = 0,
    display_id4 = 0,
    speed_walk = 1,
    speed_run = 1.14286,
    unit_flags = 32768,
    dynamic_flags = 12,
    auras = NULL
WHERE entry = 62052;

UPDATE creature_template
SET display_id1 = 502,
    display_id2 = 0,
    display_id3 = 0,
    display_id4 = 0,
    speed_walk = 1,
    speed_run = 1.14286,
    unit_flags = 32768,
    dynamic_flags = 12,
    auras = NULL
WHERE entry = 62053;

UPDATE creature_template
SET display_id1 = 10791,
    display_id2 = 0,
    display_id3 = 0,
    display_id4 = 0,
    speed_walk = 1,
    speed_run = 1.14286,
    unit_flags = 32768,
    dynamic_flags = 12,
    auras = NULL
WHERE entry = 62054;

UPDATE creature_template
SET display_id1 = 512,
    display_id2 = 0,
    display_id3 = 0,
    display_id4 = 0,
    speed_walk = 1,
    speed_run = 1.14286,
    unit_flags = 32768,
    dynamic_flags = 12,
    auras = NULL
WHERE entry = 62055;

UPDATE creature_template
SET display_id1 = 3197,
    display_id2 = 0,
    display_id3 = 0,
    display_id4 = 0,
    speed_walk = 1,
    speed_run = 1.14286,
    unit_flags = 32768,
    dynamic_flags = 12,
    auras = NULL
WHERE entry = 62056;

UPDATE creature_template
SET display_id1 = 543,
    display_id2 = 0,
    display_id3 = 0,
    display_id4 = 0,
    speed_walk = 1,
    speed_run = 1.14286,
    unit_flags = 32832,
    dynamic_flags = 12,
    auras = NULL
WHERE entry = 62057;

UPDATE creature_template
SET display_id1 = 959,
    display_id2 = 0,
    display_id3 = 0,
    display_id4 = 0,
    speed_walk = 1.2,
    speed_run = 1.14286,
    unit_flags = 32768,
    dynamic_flags = 2,
    auras = NULL
WHERE entry = 62066;

UPDATE creature_template
SET display_id1 = 20743,
    display_id2 = 0,
    display_id3 = 0,
    display_id4 = 0,
    speed_walk = 1,
    speed_run = 1.14286,
    unit_flags = 32768,
    dynamic_flags = 2,
    auras = NULL
WHERE entry = 62067;

UPDATE creature_template
SET display_id1 = 10806,
    display_id2 = 0,
    display_id3 = 0,
    display_id4 = 0,
    speed_walk = 1,
    speed_run = 1.14286,
    unit_flags = 32768,
    dynamic_flags = 12,
    auras = NULL
WHERE entry = 62068;

UPDATE creature_template
SET display_id1 = 18949,
    display_id2 = 0,
    display_id3 = 0,
    display_id4 = 0,
    speed_walk = 1,
    speed_run = 1.14286,
    unit_flags = 32768,
    dynamic_flags = 2,
    auras = '22650'
WHERE entry = 62069;

UPDATE creature_template
SET display_id1 = 4560,
    display_id2 = 0,
    display_id3 = 0,
    display_id4 = 0,
    speed_walk = 1,
    speed_run = 1.14286,
    unit_flags = 32768,
    dynamic_flags = 2,
    auras = NULL
WHERE entry = 62070;

UPDATE creature_template
SET display_id1 = 20741,
    display_id2 = 0,
    display_id3 = 0,
    display_id4 = 0,
    speed_walk = 1,
    speed_run = 1.14286,
    unit_flags = 32768,
    dynamic_flags = 2,
    auras = NULL
WHERE entry = 62071;

UPDATE creature_template
SET display_id1 = 6371,
    display_id2 = 0,
    display_id3 = 0,
    display_id4 = 0,
    speed_walk = 1,
    speed_run = 1.14286,
    unit_flags = 32768,
    dynamic_flags = 12,
    auras = NULL
WHERE entry = 62072;

UPDATE creature_template
SET display_id1 = 959,
    display_id2 = 0,
    display_id3 = 0,
    display_id4 = 0,
    speed_walk = 1.2,
    speed_run = 1.14286,
    unit_flags = 32768,
    dynamic_flags = 12,
    auras = NULL
WHERE entry = 62073;

UPDATE creature_template
SET display_id1 = 959,
    display_id2 = 0,
    display_id3 = 0,
    display_id4 = 0,
    speed_walk = 1.2,
    speed_run = 1.14286,
    unit_flags = 32768,
    dynamic_flags = 12,
    auras = NULL
WHERE entry = 62074;

UPDATE creature_template
SET display_id1 = 711,
    display_id2 = 0,
    display_id3 = 0,
    display_id4 = 0,
    speed_walk = 1.2,
    speed_run = 1.14286,
    unit_flags = 32768,
    dynamic_flags = 12,
    auras = NULL
WHERE entry = 62075;

UPDATE creature_template
SET display_id1 = 3086,
    display_id2 = 0,
    display_id3 = 0,
    display_id4 = 0,
    speed_walk = 1,
    speed_run = 1.14286,
    unit_flags = 32768,
    dynamic_flags = 12,
    auras = '22650'
WHERE entry = 62076;

UPDATE creature_template
SET display_id1 = 3088,
    display_id2 = 0,
    display_id3 = 0,
    display_id4 = 0,
    speed_walk = 1.2,
    speed_run = 1.14286,
    unit_flags = 32768,
    dynamic_flags = 12,
    auras = '22650'
WHERE entry = 62077;

UPDATE creature_template
SET display_id1 = 10801,
    display_id2 = 0,
    display_id3 = 0,
    display_id4 = 0,
    speed_walk = 1,
    speed_run = 1.14286,
    unit_flags = 32768,
    dynamic_flags = 2,
    auras = NULL
WHERE entry = 62078;

UPDATE creature_template
SET display_id1 = 20801,
    display_id2 = 0,
    display_id3 = 0,
    display_id4 = 0,
    speed_walk = 1,
    speed_run = 1.14286,
    unit_flags = 32768,
    dynamic_flags = 12,
    auras = NULL
WHERE entry = 62263;

UPDATE creature_template
SET display_id1 = 20803,
    display_id2 = 0,
    display_id3 = 0,
    display_id4 = 0,
    speed_walk = 1,
    speed_run = 1.14286,
    unit_flags = 32768,
    dynamic_flags = 12,
    auras = NULL
WHERE entry = 62264;

UPDATE creature_template
SET display_id1 = 20798,
    display_id2 = 0,
    display_id3 = 0,
    display_id4 = 0,
    speed_walk = 1,
    speed_run = 1.14286,
    unit_flags = 32768,
    dynamic_flags = 12,
    auras = '21392'
WHERE entry = 62453;


-- ==============================================
-- FILE: gameobject_dragonmaw.sql
-- GENERATED: 20260529182210
-- ==============================================
INSERT INTO `gameobject`
(
    `guid`,
    `id`,
    `map`,
    `position_x`,
    `position_y`,
    `position_z`,
    `orientation`,
    `rotation0`,
    `rotation1`,
    `rotation2`,
    `rotation3`,
    `spawntimesecsmin`,
    `spawntimesecsmax`,
    `animprogress`,
    `state`,
    `spawn_flags`,
    `visibility_mod`
)
VALUES
(23991, 3002965, 816, -5714.22998046875, -3963.06005859375, 299.613006591797, 3.13423991203308, 0, 0, 0.999993242, 0.0036763625, 300, 300, 100, 1, 0, 0),
(23992, 180322, 816, -5706.240234375, -3962.8798828125, 299.613006591797, 0.00442743021994829, 0, 0, 0.0022137133, 0.99999755, 300, 300, 100, 1, 0, 0),
(5000019, 2020251, 816, -5983, -4112.2001953125, 322.100006103516, 4.70820999145508, 0, 0, 0.708582732, -0.705627743, 300, 300, 100, 1, 0, 0),
(5021025, 74448, 816, -6352.18017578125, -4098.93994140625, 214.147003173828, 4.6470799446106, 0, 0, 0.729815942, -0.683643687, 300, 300, 100, 1, 0, 0),
(5021026, 74447, 816, -6268.60986328125, -4289.93017578125, 266.140991210938, 1.71282994747162, 0, 0, 0.755498692, 0.655150155, 300, 300, 100, 1, 0, 0),
(5021027, 1735, 816, -6545.2001953125, -3945.35009765625, 216.832992553711, 4.15788984298706, 0, 0, 0.873646825, -0.486560607, 300, 300, 100, 1, 0, 0),
(5021028, 1734, 816, -6519.56005859375, -4211.2900390625, 238.481994628906, 0.40447598695755, 0, 0, 0.200862214, 0.979619503, 300, 300, 100, 1, 0, 0),
(5021029, 1735, 816, -6132.7001953125, -4383.68994140625, 266.1669921875, 5.26215982437134, 0, 0, 0.488624675, -0.872494084, 300, 300, 100, 1, 0, 0),
(5021030, 74448, 816, -6173.43994140625, -4033.46997070313, 201.233993530273, 0.0903095006942749, 0, 0, 0.0451394072, 0.998980697, 300, 300, 100, 1, 0, 0),
(5021031, 1735, 816, -6065.7001953125, -4479.169921875, 318.765991210938, 5.00454998016357, 0, 0, 0.596648003, -0.802503059, 300, 300, 100, 1, 0, 0),
(5021032, 1735, 816, -6410.93994140625, -3939.419921875, 72.5997009277344, 1.71121001243591, 0, 0, 0.754967794, 0.65576187, 300, 300, 100, 1, 0, 0),
(5021033, 1733, 816, -6316.9501953125, -3861.72998046875, 73.499397277832, 1.36214995384216, 0, 0, 0.629628533, 0.776896332, 300, 300, 100, 1, 0, 0),
(5021034, 1735, 816, -6147.31982421875, -3902.44995117188, 72.6005020141602, 1.62760996818542, 0, 0, 0.726905456, 0.686737547, 300, 300, 100, 1, 0, 0),
(5021035, 1735, 816, -6081, -4000.169921875, 72.5999984741211, 6.2394700050354, 0, 0, 0.0218559107, -0.999761131, 300, 300, 100, 1, 0, 0),
(5021037, 1734, 816, -6241.5498046875, -4058.32006835938, 72.5994033813477, 1.52213001251221, 0, 0, 0.689693009, 0.724101894, 300, 300, 100, 1, 0, 0),
(5021038, 1735, 816, -6429.490234375, -3877.57006835938, 72.5999984741211, 2.59734010696411, 0, 0, 0.963201574, 0.268780073, 300, 300, 100, 1, 0, 0),
(5021039, 1735, 816, -6178.18994140625, -3883.7099609375, 72.5991973876953, 0.031445499509573, 0, 0, 0.015722102, 0.9998764, 300, 300, 100, 1, 0, 0),
(5021141, 180322, 816, -5706.240234375, -3962.8798828125, 299.613006591797, 0.00442743021994829, 0, 0, 0.0022137133, 0.99999755, 300, 300, 100, 1, 0, 0),
(5021150, 3002965, 0, -4519.2900390625, -3001.73999023438, 139.268997192383, 1.14934003353119, 0, 0, 0.543557842, 0.839371713, 300, 300, 100, 1, 0, 0),
(5021153, 2010866, 816, -4516.9599609375, -2997.6298828125, 139.468994140625, 1.0880800485611, 0, 0, 0.51759695, 0.855624565, 300, 300, 100, 1, 0, 0),
(5021171, 2006139, 816, -6023.990234375, -4174.02978515625, 322.098999023438, 0.647415995597839, 0, 0, 0.318084153, 0.948062483, 300, 300, 100, 1, 0, 0),
(5021174, 2005358, 816, -6049.64990234375, -4193.2998046875, 322.100006103516, 3.56360006332397, 0, 0, 0.97782119, -0.209441449, 300, 300, 100, 1, 0, 0),
(5021175, 2005357, 816, -6047.47998046875, -4204.919921875, 322.100006103516, 3.18425011634827, 0, 0, 0.999772551, -0.0213271143, 300, 300, 100, 1, 0, 0),
(5021176, 2005356, 816, -6048.919921875, -4205.68017578125, 322.098999023438, 1.49565005302429, 0, 0, 0.680045745, 0.733169683, 300, 300, 100, 1, 0, 0),
(5021177, 2005356, 816, -6048.7900390625, -4204.0498046875, 322.098999023438, 1.49565005302429, 0, 0, 0.680045745, 0.733169683, 300, 300, 100, 1, 0, 0),
(5021178, 2005357, 816, -6043.22021484375, -4205.27001953125, 322.098999023438, 2.40854001045227, 0, 0, 0.933577854, 0.358374651, 300, 300, 100, 1, 0, 0),
(5021179, 2005358, 816, -6043.60986328125, -4203.39013671875, 322.098999023438, 5.76611995697022, 0, 0, 0.255662268, -0.966766158, 300, 300, 100, 1, 0, 0),
(5021180, 2005357, 816, -6075.68994140625, -4210.85986328125, 322.100006103516, 4.62728977203369, 0, 0, 0.736544816, -0.676388745, 300, 300, 100, 1, 0, 0),
(5021181, 2005358, 816, -6075.43017578125, -4212.68017578125, 322.098999023438, 1.72132003307343, 0, 0, 0.758273017, 0.651937137, 300, 300, 100, 1, 0, 0),
(5021194, 2005356, 816, -6048.83984375, -4232.22998046875, 322.098999023438, 0.122993998229504, 0, 0, 0.0614582441, 0.998109655, 300, 300, 100, 1, 0, 0),
(5021195, 2005356, 816, -6050.43017578125, -4231.41015625, 322.098999023438, 4.54007005691528, 0, 0, 0.765332407, -0.643635228, 300, 300, 100, 1, 0, 0),
(5021197, 2005357, 816, -6104.169921875, -4265.66015625, 322.098999023438, 4.83458995819092, 0, 0, 0.662609589, -0.748964974, 300, 300, 100, 1, 0, 0),
(5021198, 2005356, 816, -6102.27001953125, -4267.419921875, 322.098999023438, 2.95671010017395, 0, 0, 0.995730347, 0.0923096752, 300, 300, 100, 1, 0, 0),
(5021199, 2005358, 816, -6101.89990234375, -4265.5498046875, 322.100006103516, 3.89526009559631, 0, 0, 0.929834416, -0.367978204, 300, 300, 100, 1, 0, 0),
(5021200, 2005358, 816, -6070.7998046875, -4267.080078125, 322.098999023438, 1.30030000209808, 0, 0, 0.605305812, 0.795993011, 300, 300, 100, 1, 0, 0),
(5021201, 2005356, 816, -6067.77978515625, -4263.47998046875, 322.098999023438, 2.04563999176025, 0, 0, 0.853580522, 0.520960932, 300, 300, 100, 1, 0, 0),
(5021202, 2005356, 816, -6067.7001953125, -4258.47998046875, 322.102996826172, 0.132410004734993, 0, 0, 0.0661566491, 0.997809249, 300, 300, 100, 1, 0, 0),
(5021203, 2005357, 816, -6068.1201171875, -4256.81005859375, 322.100006103516, 4.09478998184204, 0, 0, 0.888560455, -0.458759543, 300, 300, 100, 1, 0, 0),
(5021204, 2005356, 816, -6082.60986328125, -4251.81982421875, 322.098999023438, 1.35218000411987, 0, 0, 0.625747918, 0.780025348, 300, 300, 100, 1, 0, 0),
(5021205, 2005357, 816, -6081.43994140625, -4250.72998046875, 322.098999023438, 1.32076001167297, 0, 0, 0.613417009, 0.789759186, 300, 300, 100, 1, 0, 0),
(5021206, 2005357, 816, -6081.58984375, -4252.08984375, 322.098999023438, 2.20355010032654, 0, 0, 0.892011111, 0.45201347, 300, 300, 100, 1, 0, 0),
(5021207, 2005357, 816, -6082.4599609375, -4253.35986328125, 322.100006103516, 6.03471994400024, 0, 0, 0.123913365, -0.99229304, 300, 300, 100, 1, 0, 0),
(5021208, 2005356, 816, -6080.93017578125, -4253.58984375, 322.098999023438, 3.8615300655365, 0, 0, 0.935907847, -0.352244945, 300, 300, 100, 1, 0, 0),
(5021209, 2005356, 816, -6084.169921875, -4253.990234375, 322.098999023438, 1.19981002807617, 0, 0, 0.564564076, 0.825389244, 300, 300, 100, 1, 0, 0),
(5021210, 2005357, 816, -5995.47998046875, -4178.4501953125, 322.100006103516, 0.919423997402191, 0, 0, 0.443690024, 0.896180318, 300, 300, 100, 1, 0, 0),
(5021211, 2005356, 816, -5998.89990234375, -4173.2099609375, 322.098999023438, 1.94358003139496, 0, 0, 0.825896286, 0.563822068, 300, 300, 100, 1, 0, 0),
(5021212, 2005356, 816, -5997.580078125, -4175.10986328125, 322.098999023438, 2.81381011009216, 0, 0, 0.98659986, 0.16315856, 300, 300, 100, 1, 0, 0),
(5021213, 2005356, 816, -5997.85009765625, -4189.85986328125, 322.098999023438, 2.987380027771, 0, 0, 0.997028781, 0.0770299312, 300, 300, 100, 1, 0, 0),
(5021214, 2005357, 816, -5996.509765625, -4188.89013671875, 322.098999023438, 3.77199006080627, 0, 0, 0.950734798, -0.310005392, 300, 300, 100, 1, 0, 0),
(5021215, 2005356, 816, -5997.7099609375, -4188.64013671875, 322.098999023438, 6.07791996002197, 0, 0, 0.102452589, -0.994737889, 300, 300, 100, 1, 0, 0),
(5021216, 2005356, 816, -5998.68017578125, -4190.919921875, 322.100006103516, 2.38734006881714, 0, 0, 0.929726717, 0.368250231, 300, 300, 100, 1, 0, 0),
(5021217, 2005356, 816, -6032.72998046875, -4184.75, 322.098999023438, 3.3557300567627, 0, 0, 0.99427362, -0.106864251, 300, 300, 100, 1, 0, 0),
(5021218, 2005357, 816, -6031.56005859375, -4183.81005859375, 322.100006103516, 4.15919017791748, 0, 0, 0.873330295, -0.487128521, 300, 300, 100, 1, 0, 0),
(5021219, 2005356, 816, -6030.990234375, -4198.81005859375, 322.098999023438, 4.72467994689941, 0, 0, 0.702747943, -0.711438914, 300, 300, 100, 1, 0, 0),
(5021220, 2005357, 816, -6032.31982421875, -4198.56982421875, 322.100006103516, 0.502381026744843, 0, 0, 0.248557287, 0.968617197, 300, 300, 100, 1, 0, 0),
(5021221, 2005357, 816, -6030.89013671875, -4197.25, 322.098999023438, 5.7048602104187, 0, 0, 0.285149642, -0.958483011, 300, 300, 100, 1, 0, 0),
(5021222, 2005356, 816, -6002.7001953125, -4205.66015625, 322.098999023438, 4.22594976425171, 0, 0, 0.856586573, -0.516003336, 300, 300, 100, 1, 0, 0),
(5021223, 2005357, 816, -6002.5, -4203.990234375, 322.098999023438, 5.34986019134522, 0, 0, 0.449908211, -0.893074802, 300, 300, 100, 1, 0, 0),
(5021224, 2005357, 816, -6001.6298828125, -4204.22021484375, 322.098999023438, 3.35887002944946, 0, 0, 0.994104619, -0.108425115, 300, 300, 100, 1, 0, 0),
(5021225, 2005356, 816, -6007.7900390625, -4236.39013671875, 322.098999023438, 2.13051009178162, 0, 0, 0.874912471, 0.484281085, 300, 300, 100, 1, 0, 0),
(5021226, 2005357, 816, -6008.81982421875, -4237.18994140625, 322.098999023438, 0.264403998851776, 0, 0, 0.131817245, 0.991274036, 300, 300, 100, 1, 0, 0),
(5021227, 2005356, 816, -6007.66015625, -4237.7900390625, 322.098999023438, 0.851881980895996, 0, 0, 0.413177878, 0.91065034, 300, 300, 100, 1, 0, 0),
(5021228, 2005358, 816, -6006.39990234375, -4236.7099609375, 322.098999023438, 6.10462999343872, 0, 0, 0.0891591062, -0.996017396, 300, 300, 100, 1, 0, 0),
(5021229, 2005356, 816, -6019.77978515625, -4242.47998046875, 322.098999023438, 3.70994997024536, 0, 0, 0.959892255, -0.280369146, 300, 300, 100, 1, 0, 0),
(5021230, 2005356, 816, -6018.25, -4242, 322.098999023438, 1.15896999835968, 0, 0, 0.547593085, 0.836744772, 300, 300, 100, 1, 0, 0),
(5021231, 2005356, 816, -6023.47998046875, -4252.7099609375, 322.100006103516, 5.38676977157593, 0, 0, 0.433351026, -0.901225215, 300, 300, 100, 1, 0, 0),
(5021232, 2005357, 816, -6023.9599609375, -4251.02978515625, 322.100006103516, 4.99407005310059, 0, 0, 0.60084488, -0.799365643, 300, 300, 100, 1, 0, 0),
(5021237, 2005357, 816, -6031.83984375, -4243.85986328125, 322.098999023438, 3.94242000579834, 0, 0, 0.920899822, -0.38979933, 300, 300, 100, 1, 0, 0),
(5021238, 2005356, 816, -6031.16015625, -4245.10986328125, 322.098999023438, 5.21475982666016, 0, 0, 0.509163627, -0.86066974, 300, 300, 100, 1, 0, 0),
(5021240, 2005357, 816, -6042.47998046875, -4260.93017578125, 322.098999023438, 2.14857006072998, 0, 0, 0.879249792, 0.476361002, 300, 300, 100, 1, 0, 0),
(5021241, 2005356, 816, -6041.0498046875, -4261.72021484375, 322.100006103516, 3.03921008110046, 0, 0, 0.998690012, 0.051168931, 300, 300, 100, 1, 0, 0),
(5021242, 2005356, 816, -6039.6298828125, -4253.7001953125, 322.098999023438, 1.81790995597839, 0, 0, 0.788861931, 0.614570463, 300, 300, 100, 1, 0, 0),
(5021243, 2005357, 816, -6042.93994140625, -4242.6298828125, 322.098999023438, 3.3172299861908, 0, 0, 0.996146418, -0.0877058318, 300, 300, 100, 1, 0, 0),
(5021244, 2005356, 816, -6021.06982421875, -4270.47998046875, 322.098999023438, 0.836156010627747, 0, 0, 0.406004749, 0.913870967, 300, 300, 100, 1, 0, 0),
(5021245, 2005357, 816, -6022.22021484375, -4270.06005859375, 322.100006103516, 5.39774990081787, 0, 0, 0.428396736, -0.903590746, 300, 300, 100, 1, 0, 0),
(5021246, 2005356, 816, -6021.97998046875, -4271.35009765625, 322.098999023438, 1.57129001617432, 0, 0, 0.707281305, 0.706932214, 300, 300, 100, 1, 0, 0),
(5021247, 2005356, 816, -6021.56005859375, -4272.330078125, 322.098999023438, 2.25616002082825, 0, 0, 0.903591341, 0.428395482, 300, 300, 100, 1, 0, 0),
(5021248, 2005356, 816, -6023.330078125, -4271.3701171875, 322.098999023438, 5.14955997467041, 0, 0, 0.536945893, -0.843616683, 300, 300, 100, 1, 0, 0),
(5021250, 2005358, 816, -6024.16015625, -4270.330078125, 322.098999023438, 4.34139013290405, 0, 0, 0.825392787, -0.564558897, 300, 300, 100, 1, 0, 0),
(5021251, 2005356, 816, -6047.6201171875, -4279.509765625, 322.100006103516, 0.377346009016037, 0, 0, 0.187555614, 0.982253985, 300, 300, 100, 1, 0, 0),
(5021252, 2005356, 816, -6048.93994140625, -4279.35986328125, 322.098999023438, 6.17044019699097, 0, 0, 0.0563427024, -0.998411488, 300, 300, 100, 1, 0, 0),
(5021253, 2005358, 816, -6048.06982421875, -4281, 322.098999023438, 3.33829998970032, 0, 0, 0.995167176, -0.0981951749, 300, 300, 100, 1, 0, 0),
(5021267, 2005356, 816, -5937.669921875, -4175.3701171875, 322.098999023438, 3.78143000602722, 0, 0, 0.949260997, -0.314489364, 300, 300, 100, 1, 0, 0),
(5021268, 2005356, 816, -5938.60986328125, -4176.35986328125, 322.098999023438, 5.26583003997803, 0, 0, 0.487022732, -0.873389294, 300, 300, 100, 1, 0, 0),
(5021269, 2005356, 816, -5938.169921875, -4172.740234375, 322.098999023438, 3.23322010040283, 0, 0, 0.998950735, -0.0457976987, 300, 300, 100, 1, 0, 0),
(5021270, 2005356, 816, -5934.56982421875, -4174.25, 322.098999023438, 2.26012992858887, 0, 0, 0.904439905, 0.426601053, 300, 300, 100, 1, 0, 0),
(5021271, 2005357, 816, -5935.8701171875, -4175.9501953125, 322.100006103516, 5.81798982620239, 0, 0, 0.230506084, -0.973070884, 300, 300, 100, 1, 0, 0),
(5021272, 2005358, 816, -5938.330078125, -4177.580078125, 322.098999023438, 3.15233993530273, 0, 0, 0.999985562, -0.00537361499, 300, 300, 100, 1, 0, 0),
(5021274, 2005356, 816, -5926.919921875, -4198.3798828125, 322.100006103516, 5.42215013504028, 0, 0, 0.417341215, -0.908749861, 300, 300, 100, 1, 0, 0),
(5021275, 2005356, 816, -5925.2998046875, -4198.52978515625, 322.100006103516, 4.83153009414673, 0, 0, 0.663754678, -0.74795035, 300, 300, 100, 1, 0, 0),
(5021276, 2005357, 816, -5925.7001953125, -4196.68994140625, 322.098999023438, 3.55604004859924, 0, 0, 0.978605892, -0.20574379, 300, 300, 100, 1, 0, 0),
(5021278, 2005356, 816, -5909.60986328125, -4192.830078125, 322.098999023438, 0.266791999340057, 0, 0, 0.133000732, 0.991115939, 300, 300, 100, 1, 0, 0),
(5021279, 2005357, 816, -5908.31982421875, -4193.1298828125, 322.098999023438, 2.62298989295959, 0, 0, 0.966569344, 0.25640535, 300, 300, 100, 1, 0, 0),
(5021280, 2005356, 816, -5909.6201171875, -4191.2001953125, 322.098999023438, 2.81777000427246, 0, 0, 0.986920971, 0.161204826, 300, 300, 100, 1, 0, 0),
(5021281, 2005356, 816, -5899.97021484375, -4204.27001953125, 322.098999023438, 5.89416980743408, 0, 0, 0.193283591, -0.981142932, 300, 300, 100, 1, 0, 0),
(5021282, 2005357, 816, -5901.2099609375, -4204.41015625, 322.098999023438, 0.396380990743637, 0, 0, 0.196895572, 0.980424466, 300, 300, 100, 1, 0, 0),
(5021283, 2005356, 816, -5900.75, -4203.080078125, 322.098999023438, 5.3569598197937, 0, 0, 0.446735133, -0.894666262, 300, 300, 100, 1, 0, 0),
(5021284, 2005356, 816, -5910.35986328125, -4200.64013671875, 322.100006103516, 3.86156010627747, 0, 0, 0.935902556, -0.352259003, 300, 300, 100, 1, 0, 0),
(5021285, 2005358, 816, -5912.009765625, -4200.330078125, 322.098999023438, 1.99545001983643, 0, 0, 0.840239626, 0.542215244, 300, 300, 100, 1, 0, 0),
(5021286, 2005356, 816, -5920.169921875, -4225.7900390625, 322.100006103516, 4.99566984176636, 0, 0, 0.600205279, -0.799845999, 300, 300, 100, 1, 0, 0),
(5021287, 2005356, 816, -5914.60986328125, -4241.66015625, 322.098999023438, 5.00509023666382, 0, 0, 0.596431203, -0.802664202, 300, 300, 100, 1, 0, 0),
(5021288, 2005357, 816, -5913.35009765625, -4241.60009765625, 322.100006103516, 2.8970799446106, 0, 0, 0.992535996, 0.121952029, 300, 300, 100, 1, 0, 0),
(5021289, 2005356, 816, -5914.14990234375, -4240.25, 322.098999023438, 5.01137018203735, 0, 0, 0.593907923, -0.804533019, 300, 300, 100, 1, 0, 0),
(5021290, 2005358, 816, -5913.27001953125, -4240.25, 322.098999023438, 6.04182004928589, 0, 0, 0.120389899, -0.992726686, 300, 300, 100, 1, 0, 0),
(5021291, 2005356, 816, -5899.1298828125, -4229.830078125, 322.098999023438, 0.743520021438599, 0, 0, 0.363255777, 0.931689455, 300, 300, 100, 1, 0, 0),
(5021292, 2005357, 816, -5900.669921875, -4230.2900390625, 322.100006103516, 6.04338979721069, 0, 0, 0.119610697, -0.992820871, 300, 300, 100, 1, 0, 0),
(5021293, 2005356, 816, -5899.91015625, -4231.43017578125, 322.100006103516, 0.965002000331879, 0, 0, 0.463996103, 0.88583724, 300, 300, 100, 1, 0, 0),
(5021294, 2005356, 816, -5902.66015625, -4229.9599609375, 322.100006103516, 5.6286997795105, 0, 0, 0.321433338, -0.946932209, 300, 300, 100, 1, 0, 0),
(5021295, 2005356, 816, -5901.919921875, -4231.68994140625, 322.098999023438, 2.0323600769043, 0, 0, 0.850102572, 0.526617145, 300, 300, 100, 1, 0, 0),
(5021297, 2005356, 816, -5894.240234375, -4262.6298828125, 322.098999023438, 2.71408009529114, 0, 0, 0.977240983, 0.212132178, 300, 300, 100, 1, 0, 0),
(5021298, 2005357, 816, -5892.419921875, -4262.9599609375, 322.098999023438, 2.56957006454468, 0, 0, 0.959376829, 0.282127808, 300, 300, 100, 1, 0, 0),
(5021299, 2005356, 816, -5893.06005859375, -4261.22021484375, 322.098999023438, 5.38522005081177, 0, 0, 0.43404922, -0.900889158, 300, 300, 100, 1, 0, 0),
(5021300, 2005356, 816, -5894.490234375, -4260.75, 322.098999023438, 1.80066001415253, 0, 0, 0.783532003, 0.621351431, 300, 300, 100, 1, 0, 0),
(5021301, 2005356, 816, -5953.3701171875, -4193.02978515625, 322.098999023438, 3.09984993934631, 0, 0, 0.999782201, 0.0208698418, 300, 300, 100, 1, 0, 0),
(5021302, 2005356, 816, -5954.759765625, -4192.6201171875, 322.098999023438, 0.646269023418427, 0, 0, 0.3175404, 0.948244744, 300, 300, 100, 1, 0, 0),
(5021303, 2005356, 816, -5964.75, -4173.5, 322.098999023438, 4.05097007751465, 0, 0, 0.898397784, -0.439182675, 300, 300, 100, 1, 0, 0),
(5021304, 2005356, 816, -5965.5400390625, -4174.56005859375, 322.098999023438, 0.300893008708954, 0, 0, 0.149879608, 0.988704255, 300, 300, 100, 1, 0, 0),
(5021305, 2005357, 816, -5960.14013671875, -4205.97998046875, 322.100006103516, 4.9975700378418, 0, 0, 0.599445076, -0.800415892, 300, 300, 100, 1, 0, 0),
(5021306, 2005356, 816, -5961.1201171875, -4207.2998046875, 322.098999023438, 2.91704988479614, 0, 0, 0.993704185, 0.112035672, 300, 300, 100, 1, 0, 0),
(5021307, 2005356, 816, -5959.60009765625, -4207.490234375, 322.100006103516, 5.25595998764038, 0, 0, 0.491326983, -0.870975198, 300, 300, 100, 1, 0, 0),
(5021308, 2005358, 816, -5959.8798828125, -4208.41015625, 322.098999023438, 3.60897994041443, 0, 0, 0.972817687, -0.231572337, 300, 300, 100, 1, 0, 0),
(5021309, 2005357, 816, -5967.43017578125, -4198.740234375, 322.098999023438, 4.4548602104187, 0, 0, 0.792051639, -0.610454094, 300, 300, 100, 1, 0, 0),
(5021311, 2005356, 816, -5967.7001953125, -4200.77001953125, 322.098999023438, 2.09395003318787, 0, 0, 0.865914115, 0.500192708, 300, 300, 100, 1, 0, 0),
(5021312, 2005357, 816, -5966.1298828125, -4199.5498046875, 322.100006103516, 0.410847991704941, 0, 0, 0.203982259, 0.978974585, 300, 300, 100, 1, 0, 0),
(5021313, 2005356, 816, -5997.60986328125, -4246.18017578125, 322.098999023438, 3.96163010597229, 0, 0, 0.917113358, -0.398626502, 300, 300, 100, 1, 0, 0),
(5021314, 2005357, 816, -5996.169921875, -4245.33984375, 322.098999023438, 5.28423976898193, 0, 0, 0.478962783, -0.877835208, 300, 300, 100, 1, 0, 0),
(5021315, 2005356, 816, -5995.8701171875, -4246.919921875, 322.100006103516, 5.13659000396729, 0, 0, 0.542405406, -0.840116882, 300, 300, 100, 1, 0, 0),
(5021316, 2005358, 816, -5964.41015625, -4242.2900390625, 322.098999023438, 1.45934998989105, 0, 0, 0.666627414, 0.745391099, 300, 300, 100, 1, 0, 0),
(5021317, 2005356, 816, -5959.77978515625, -4234, 322.098999023438, 5.06667995452881, 0, 0, 0.571434396, -0.820647751, 300, 300, 100, 1, 0, 0),
(5021318, 2005356, 816, -5960.0400390625, -4232.3701171875, 322.100006103516, 0.159517005085945, 0, 0, 0.0796739666, 0.996820976, 300, 300, 100, 1, 0, 0),
(5021319, 2005357, 816, -5960.91015625, -4233.06982421875, 322.098999023438, 5.60703992843628, 0, 0, 0.331669493, -0.943395647, 300, 300, 100, 1, 0, 0),
(5021320, 2005357, 816, -5942.8798828125, -4241.4599609375, 322.098999023438, 5.01955986022949, 0, 0, 0.59060852, -0.806958225, 300, 300, 100, 1, 0, 0),
(5021321, 2005356, 816, -5944.7900390625, -4241.77001953125, 322.098999023438, 5.30073022842407, 0, 0, 0.471708632, -0.881754482, 300, 300, 100, 1, 0, 0),
(5021322, 2005356, 816, -5950.97021484375, -4237.0400390625, 322.100006103516, 2.7489800453186, 0, 0, 0.980793715, 0.195047916, 300, 300, 100, 1, 0, 0),
(5021323, 2005358, 816, -5927.490234375, -4236.77978515625, 322.100006103516, 2.96811008453369, 0, 0, 0.996240333, 0.0866325511, 300, 300, 100, 1, 0, 0),
(5021324, 2005356, 816, -5938.81982421875, -4252.22998046875, 322.098999023438, 4.58131980895996, 0, 0, 0.751895677, -0.659282103, 300, 300, 100, 1, 0, 0),
(5021325, 2005356, 816, -5938.18017578125, -4253.7099609375, 322.098999023438, 4.2388801574707, 0, 0, 0.853232631, -0.521530514, 300, 300, 100, 1, 0, 0),
(5021326, 2005357, 816, -5938.5400390625, -4255.580078125, 322.098999023438, 1.53161001205444, 0, 0, 0.693117491, 0.720824627, 300, 300, 100, 1, 0, 0),
(5021327, 2005356, 816, -5937.22998046875, -4254.97021484375, 322.098999023438, 2.89270997047424, 0, 0, 0.992267163, 0.124120414, 300, 300, 100, 1, 0, 0),
(5021328, 2005356, 816, -5919.64013671875, -4261.10009765625, 322.098999023438, 6.02094984054565, 0, 0, 0.130742363, -0.991416378, 300, 300, 100, 1, 0, 0),
(5021329, 2005356, 816, -5939.419921875, -4268.97998046875, 322.098999023438, 1.6384299993515, 0, 0, 0.730610061, 0.682794947, 300, 300, 100, 1, 0, 0),
(5021330, 2005357, 816, -5940.47998046875, -4270.2001953125, 322.098999023438, 1.49076998233795, 0, 0, 0.678254763, 0.734826835, 300, 300, 100, 1, 0, 0),
(5021331, 2005356, 816, -5938.89013671875, -4270.740234375, 322.098999023438, 2.8659999370575, 0, 0, 0.990521095, 0.137360696, 300, 300, 100, 1, 0, 0),
(5021332, 2005356, 816, -5937.16015625, -4269.259765625, 322.098999023438, 4.85070991516113, 0, 0, 0.65655149, -0.754281208, 300, 300, 100, 1, 0, 0),
(5021333, 2005356, 816, -5937.41015625, -4271.9501953125, 322.098999023438, 0.66217702627182, 0, 0, 0.325072616, 0.945689058, 300, 300, 100, 1, 0, 0),
(5021334, 2005356, 816, -5939.9501953125, -4272.31005859375, 322.098999023438, 4.98501014709473, 0, 0, 0.604459791, -0.796635651, 300, 300, 100, 1, 0, 0),
(5021335, 2005358, 816, -5938.81982421875, -4273.2900390625, 322.098999023438, 5.49193000793457, 0, 0, 0.385387431, -0.922754858, 300, 300, 100, 1, 0, 0),
(5021336, 2005356, 816, -5898.7001953125, -4270.2099609375, 322.098999023438, 0.0805293992161751, 0, 0, 0.0402538207, 0.999189486, 300, 300, 100, 1, 0, 0),
(5021337, 2005357, 816, -5899.47021484375, -4267.47021484375, 322.098999023438, 4.69788980484009, 0, 0, 0.712214388, -0.701962012, 300, 300, 100, 1, 0, 0),
(5021338, 2005356, 816, -5901.580078125, -4267.43017578125, 322.098999023438, 6.22784996032715, 0, 0, 0.0276641436, -0.999617274, 300, 300, 100, 1, 0, 0),
(5021339, 2005356, 816, -5897.81982421875, -4269.7001953125, 322.100006103516, 1.97883999347687, 0, 0, 0.835707596, 0.549174666, 300, 300, 100, 1, 0, 0),
(5021340, 2005356, 816, -5900.27978515625, -4310.2900390625, 322.100006103516, 5.81314992904663, 0, 0, 0.232860188, -0.972510222, 300, 300, 100, 1, 0, 0),
(5021341, 2005357, 816, -5902.240234375, -4310.0400390625, 322.098999023438, 6.15873003005981, 0, 0, 0.0621874859, -0.998064485, 300, 300, 100, 1, 0, 0),
(5021342, 2005356, 816, -5900.85009765625, -4309.06005859375, 322.098999023438, 4.29262018203735, 0, 0, 0.838912789, -0.544265866, 300, 300, 100, 1, 0, 0),
(5021343, 2005356, 816, -5857.72021484375, -4265.52001953125, 322.098999023438, 2.60793995857239, 0, 0, 0.964612554, 0.263671425, 300, 300, 100, 1, 0, 0),
(5021344, 2005356, 816, -5859.91015625, -4265.43994140625, 322.098999023438, 1.72828996181488, 0, 0, 0.760540386, 0.649290629, 300, 300, 100, 1, 0, 0),
(5021345, 2005356, 816, -5858.66015625, -4264.58984375, 322.098999023438, 0.600458025932312, 0, 0, 0.295738983, 0.955268786, 300, 300, 100, 1, 0, 0),
(5021346, 2005357, 816, -5859.35009765625, -4262.72998046875, 322.098999023438, 1.92621004581451, 0, 0, 0.820968409, 0.570973617, 300, 300, 100, 1, 0, 0),
(5021347, 2005356, 816, -5860.31005859375, -4264.06005859375, 322.098999023438, 2.31576991081238, 0, 0, 0.915956438, 0.401277714, 300, 300, 100, 1, 0, 0),
(5021348, 2005356, 816, -5875.93017578125, -4255.22021484375, 322.098999023438, 2.822350025177, 0, 0, 0.987287544, 0.158944346, 300, 300, 100, 1, 0, 0),
(5021349, 2005358, 816, -5878.22998046875, -4254.7001953125, 322.098999023438, 3.81666994094849, 0, 0, 0.94357264, -0.331165629, 300, 300, 100, 1, 0, 0),
(5021350, 2005357, 816, -5876.97998046875, -4256.6201171875, 322.098999023438, 5.29007005691528, 0, 0, 0.476401736, -0.879227721, 300, 300, 100, 1, 0, 0),
(5021351, 2005356, 816, -5874.669921875, -4256.52978515625, 322.098999023438, 0.0373301990330219, 0, 0, 0.0186640158, 0.999825812, 300, 300, 100, 1, 0, 0),
(5021352, 2005356, 816, -5876.89013671875, -4253.06982421875, 322.098999023438, 1.77777004241943, 0, 0, 0.776369484, 0.630278054, 300, 300, 100, 1, 0, 0),
(5021353, 2005356, 816, -5883.8701171875, -4265.6298828125, 322.098999023438, 4.65194988250732, 0, 0, 0.728149129, -0.685418738, 300, 300, 100, 1, 0, 0),
(5021354, 2005357, 816, -5856.52001953125, -4311.240234375, 322.098999023438, 0.115484997630119, 0, 0, 0.0577104167, 0.998333365, 300, 300, 100, 1, 0, 0),
(5021355, 2005356, 816, -5857.169921875, -4312.72998046875, 322.098999023438, 1.19618999958038, 0, 0, 0.563069185, 0.826409761, 300, 300, 100, 1, 0, 0),
(5021356, 2005356, 816, -5858.18017578125, -4311.52978515625, 322.098999023438, 2.76698994636536, 0, 0, 0.982510322, 0.186208128, 300, 300, 100, 1, 0, 0),
(5021357, 2005356, 816, -5866.9599609375, -4318.759765625, 322.098999023438, 3.64270997047424, 0, 0, 0.968774056, -0.247945212, 300, 300, 100, 1, 0, 0),
(5021358, 2005357, 816, -5868.6298828125, -4318.66015625, 322.098999023438, 4.87106990814209, 0, 0, 0.648839023, -0.760925701, 300, 300, 100, 1, 0, 0),
(5021359, 2005358, 816, -5867.31982421875, -4317.31982421875, 322.098999023438, 2.47638988494873, 0, 0, 0.945196183, 0.326502949, 300, 300, 100, 1, 0, 0),
(5021360, 2005356, 816, -5889.14990234375, -4312.2900390625, 322.098999023438, 2.81883001327515, 0, 0, 0.987006272, 0.160681731, 300, 300, 100, 1, 0, 0),
(5021361, 2005356, 816, -5887.39990234375, -4311.3798828125, 322.100006103516, 3.94666004180908, 0, 0, 0.920071372, -0.391750777, 300, 300, 100, 1, 0, 0),
(5021362, 2005357, 816, -5887.64990234375, -4313.330078125, 322.098999023438, 3.50682997703552, 0, 0, 0.983371502, -0.18160531, 300, 300, 100, 1, 0, 0),
(5021363, 2005356, 816, -5889.56982421875, -4314.2099609375, 322.098999023438, 0.855328977108002, 0, 0, 0.414746768, 0.909936876, 300, 300, 100, 1, 0, 0),
(5021364, 2005356, 816, -5890.66015625, -4312.2998046875, 322.098999023438, 2.57378005981445, 0, 0, 0.959968581, 0.280107698, 300, 300, 100, 1, 0, 0),
(5021365, 2005356, 816, -5893.6201171875, -4322.89013671875, 322.098999023438, 4.23096990585327, 0, 0, 0.855288671, -0.518151801, 300, 300, 100, 1, 0, 0),
(5021366, 2005356, 816, -5893.18994140625, -4324.52001953125, 322.098999023438, 1.82764995098114, 0, 0, 0.791845521, 0.610721435, 300, 300, 100, 1, 0, 0),
(5021367, 2005356, 816, -5891.830078125, -4322.81982421875, 322.100006103516, 3.6254301071167, 0, 0, 0.970880101, -0.23956592, 300, 300, 100, 1, 0, 0),
(5021368, 2005356, 816, -5878.1298828125, -4325.830078125, 322.098999023438, 5.1970100402832, 0, 0, 0.516781827, -0.856117132, 300, 300, 100, 1, 0, 0),
(5021369, 2005356, 816, -5920.85986328125, -4295.509765625, 322.100006103516, 0.761866986751556, 0, 0, 0.37178721, 0.928317979, 300, 300, 100, 1, 0, 0),
(5021370, 2005356, 816, -5919.02001953125, -4293.759765625, 322.098999023438, 0.761866986751556, 0, 0, 0.37178721, 0.928317979, 300, 300, 100, 1, 0, 0),
(5021371, 2005357, 816, -5922.5400390625, -4293.64990234375, 322.098999023438, 3.16832995414734, 0, 0, 0.999910641, -0.0133682521, 300, 300, 100, 1, 0, 0),
(5021372, 2005356, 816, -5917, -4296.330078125, 322.100006103516, 5.64625978469849, 0, 0, 0.313106988, -0.94971786, 300, 300, 100, 1, 0, 0),
(5021373, 2005356, 816, -5920.43017578125, -4293.39990234375, 322.098999023438, 1.92190003395081, 0, 0, 0.819736052, 0.572741481, 300, 300, 100, 1, 0, 0),
(5021374, 2005356, 816, -5918.97021484375, -4296.43017578125, 322.098999023438, 1.92111003398895, 0, 0, 0.819509755, 0.573065233, 300, 300, 100, 1, 0, 0),
(5021375, 2005357, 816, -5918.35986328125, -4298.10009765625, 322.101989746094, 1.92111003398895, 0, 0, 0.819509755, 0.573065233, 300, 300, 100, 1, 0, 0),
(5021376, 2005356, 816, -5921.14013671875, -4296.85986328125, 322.100006103516, 3.41494011878967, 0, 0, 0.990674675, -0.136248626, 300, 300, 100, 1, 0, 0),
(5021377, 2005356, 816, -5938.06005859375, -4315.56982421875, 322.098999023438, 5.31089019775391, 0, 0, 0.467223265, -0.884139367, 300, 300, 100, 1, 0, 0),
(5021378, 2005356, 816, -5938.64990234375, -4317, 322.098999023438, 6.22274017333984, 0, 0, 0.0302179662, -0.999543333, 300, 300, 100, 1, 0, 0),
(5021379, 2005357, 816, -5937.16015625, -4316.64990234375, 322.098999023438, 0.234862998127937, 0, 0, 0.117161785, 0.993112842, 300, 300, 100, 1, 0, 0),
(5021380, 2005356, 816, -5928.77978515625, -4328.68994140625, 322.098999023438, 5.79470014572144, 0, 0, 0.241821455, -0.970320764, 300, 300, 100, 1, 0, 0),
(5021381, 2005356, 816, -5919.93994140625, -4319.18017578125, 322.100006103516, 0.531747996807098, 0, 0, 0.262752657, 0.964863224, 300, 300, 100, 1, 0, 0),
(5021382, 2005356, 816, -5919.6298828125, -4317.56005859375, 322.098999023438, 1.23310995101929, 0, 0, 0.578227887, 0.815875303, 300, 300, 100, 1, 0, 0),
(5021383, 2005356, 816, -5921.240234375, -4317.919921875, 322.100006103516, 0.00474748993292451, 0, 0, 0.00237374274, 0.999997183, 300, 300, 100, 1, 0, 0),
(5021384, 2005356, 816, -5920.419921875, -4316.22021484375, 322.098999023438, 1.2802300453186, 0, 0, 0.597287697, 0.802027062, 300, 300, 100, 1, 0, 0),
(5021385, 2005357, 816, -5919.16015625, -4316.06005859375, 322.098999023438, 2.18657994270325, 0, 0, 0.888143677, 0.459565892, 300, 300, 100, 1, 0, 0),
(5021386, 2005358, 816, -5922.4599609375, -4317.009765625, 322.100006103516, 3.57203006744385, 0, 0, 0.97692971, -0.213561095, 300, 300, 100, 1, 0, 0),
(5021387, 2005356, 816, -5928.259765625, -4330.39990234375, 322.098999023438, 1.14121997356415, 0, 0, 0.540145497, 0.84157165, 300, 300, 100, 1, 0, 0),
(5021388, 2005356, 816, -5938.10986328125, -4335.22021484375, 322.098999023438, 1.904629945755, 0, 0, 0.814759905, 0.579798498, 300, 300, 100, 1, 0, 0),
(5021389, 2005356, 816, -5938.81005859375, -4336.85986328125, 322.098999023438, 1.16635000705719, 0, 0, 0.550676942, 0.834718459, 300, 300, 100, 1, 0, 0),
(5021390, 2005356, 816, -5948.14990234375, -4342.41015625, 322.098999023438, 3.61837005615234, 0, 0, 0.971719724, -0.236137203, 300, 300, 100, 1, 0, 0),
(5021391, 2005357, 816, -5949.259765625, -4341.89990234375, 322.098999023438, 5.85281991958618, 0, 0, 0.213525912, -0.976937401, 300, 300, 100, 1, 0, 0),
(5021392, 2005356, 816, -5948.02978515625, -4340.25, 322.098999023438, 3.61914992332459, 0, 0, 0.971627572, -0.236516091, 300, 300, 100, 1, 0, 0),
(5021393, 2005356, 816, -5958.56982421875, -4336.580078125, 322.098999023438, 3.05759000778198, 0, 0, 0.999118074, 0.0419889748, 300, 300, 100, 1, 0, 0),
(5021394, 2005357, 816, -5959.4501953125, -4337.8701171875, 322.098999023438, 1.17262995243073, 0, 0, 0.553295216, 0.832985236, 300, 300, 100, 1, 0, 0),
(5021395, 2005356, 816, -5959.47021484375, -4353.6201171875, 322.098999023438, 0.582014977931976, 0, 0, 0.2869175, 0.957955296, 300, 300, 100, 1, 0, 0),
(5021396, 2005356, 816, -5959.240234375, -4352.2998046875, 322.098999023438, 3.71024990081787, 0, 0, 0.959850199, -0.280513094, 300, 300, 100, 1, 0, 0),
(5021397, 2005356, 816, -5965.85009765625, -4389.72021484375, 322.100006103516, 5.20027017593384, 0, 0, 0.515385612, -0.856958384, 300, 300, 100, 1, 0, 0),
(5021398, 2005357, 816, -5964.6298828125, -4388.27001953125, 322.100006103516, 5.65971994400024, 0, 0, 0.306708269, -0.951803571, 300, 300, 100, 1, 0, 0),
(5021399, 2005356, 816, -5963.83984375, -4390.52001953125, 322.100006103516, 1.75628995895386, 0, 0, 0.769555625, 0.638579784, 300, 300, 100, 1, 0, 0),
(5021400, 2005358, 816, -5965.0400390625, -4392.2998046875, 322.100006103516, 2.774169921875, 0, 0, 0.983172474, 0.182679736, 300, 300, 100, 1, 0, 0),
(5021401, 2005356, 816, -5963.31005859375, -4393.009765625, 322.098999023438, 4.06693983078003, 0, 0, 0.894862362, -0.446342193, 300, 300, 100, 1, 0, 0),
(5021402, 2005356, 816, -5964.509765625, -4393.72021484375, 322.100006103516, 4.79893016815186, 0, 0, 0.675857528, -0.737032294, 300, 300, 100, 1, 0, 0),
(5021403, 2000531, 816, -5994.490234375, -4399.02001953125, 322.098999023438, 0.68893700838089, 0, 0, 0.337696452, 0.94125507, 300, 300, 100, 1, 0, 0),
(5021404, 2000532, 816, -5995.4501953125, -4401.83984375, 322.098999023438, 2.41838002204895, 0, 0, 0.935329753, 0.353777124, 300, 300, 100, 1, 0, 0),
(5021405, 2005357, 816, -5996.85009765625, -4399.56982421875, 322.098999023438, 0.894711971282959, 0, 0, 0.432583221, 0.901594009, 300, 300, 100, 1, 0, 0),
(5021406, 2005356, 816, -5995.22998046875, -4399.39990234375, 322.098999023438, 0.109313003718853, 0, 0, 0.0546292931, 0.998506705, 300, 300, 100, 1, 0, 0),
(5021407, 2005356, 816, -5995.9599609375, -4401.0498046875, 322.098999023438, 4.37873983383179, 0, 0, 0.814706423, -0.579873646, 300, 300, 100, 1, 0, 0),
(5021408, 2005356, 816, -5994.2001953125, -4401.14990234375, 322.100006103516, 1.28033995628357, 0, 0, 0.597331771, 0.801994236, 300, 300, 100, 1, 0, 0),
(5021409, 2005356, 816, -5995.75, -4402.8798828125, 322.098999023438, 0.840515971183777, 0, 0, 0.407996003, 0.912983714, 300, 300, 100, 1, 0, 0),
(5021410, 2005358, 816, -5996.81982421875, -4397.85986328125, 322.098999023438, 0.742340981960297, 0, 0, 0.362706465, 0.931903439, 300, 300, 100, 1, 0, 0),
(5021411, 2003361, 816, -5960.7099609375, -4350.8798828125, 322.100006103516, 1.78613996505737, 0, 0, 0.779000367, 0.627023468, 300, 300, 100, 1, 0, 0),
(5021412, 2005358, 816, -5960.16015625, -4348.6201171875, 322.329986572266, 3.73864006996155, 0, 0, 0.955771722, -0.29410953, 300, 300, 100, 1, 0, 0),
(5021413, 2005356, 816, -5961.35986328125, -4351.31982421875, 322.468994140625, 2.28635001182556, 0, 0, 0.909954779, 0.414707487, 300, 300, 100, 1, 0, 0),
(5021414, 2000531, 816, -5948.22021484375, -4341.2001953125, 322.098999023438, 6.08191013336182, 0, 0, 0.100467798, -0.994940311, 300, 300, 100, 1, 0, 0),
(5021415, 2000532, 816, -5919.7900390625, -4295.52001953125, 322.098999023438, 1.50054001808167, 0, 0, 0.681836298, 0.731504794, 300, 300, 100, 1, 0, 0),
(5021416, 2000531, 816, -5917.9501953125, -4297.35009765625, 322.100006103516, 4.67620992660523, 0, 0, 0.71978162, -0.694200561, 300, 300, 100, 1, 0, 0),
(5021417, 2000530, 816, -6049.4599609375, -4278.6201171875, 322.100006103516, 5.06498003005981, 0, 0, 0.572131709, -0.820161757, 300, 300, 100, 1, 0, 0),
(5021418, 2000530, 816, -6039.14013671875, -4303.009765625, 322.098999023438, 0.83797299861908, 0, 0, 0.406834828, 0.913501737, 300, 300, 100, 1, 0, 0),
(5021419, 2000530, 816, -5966.490234375, -4200.64013671875, 322.100006103516, 2.34671998023987, 0, 0, 0.922056304, 0.387055775, 300, 300, 100, 1, 0, 0),
(5021420, 2000530, 816, -6032.97021484375, -4183.22998046875, 322.098999023438, 2.28639006614685, 0, 0, 0.909963084, 0.414689263, 300, 300, 100, 1, 0, 0),
(5021421, 2000532, 816, -6025.259765625, -4174.93017578125, 322.098999023438, 2.76391005516052, 0, 0, 0.982222407, 0.187720919, 300, 300, 100, 1, 0, 0),
(5021422, 2000531, 816, -6032.6298828125, -4197.25, 322.098999023438, 5.36986017227173, 0, 0, 0.440955125, -0.897529151, 300, 300, 100, 1, 0, 0),
(5021423, 2000530, 816, -6031.0400390625, -4244.27001953125, 322.098999023438, 4.07081985473633, 0, 0, 0.893994769, -0.448077396, 300, 300, 100, 1, 0, 0),
(5021424, 2000530, 816, -6070.75, -4214.580078125, 322.098999023438, 2.225909948349, 0, 0, 0.897008737, 0.442012813, 300, 300, 100, 1, 0, 0),
(5021425, 2000531, 816, -6075.259765625, -4225.5, 322.098999023438, 1.45071995258331, 0, 0, 0.663404842, 0.74826066, 300, 300, 100, 1, 0, 0),
(5021426, 2000532, 816, -6103.16015625, -4266.56005859375, 322.100006103516, 5.39971017837524, 0, 0, 0.427510886, -0.904010201, 300, 300, 100, 1, 0, 0),
(5021427, 2000532, 816, -5936.97021484375, -4176.22021484375, 322.098999023438, 0.956704020500183, 0, 0, 0.460316791, 0.887754725, 300, 300, 100, 1, 0, 0),
(5021428, 2000531, 816, -5908.259765625, -4191.83984375, 322.098999023438, 0.789416015148163, 0, 0, 0.384538664, 0.923108886, 300, 300, 100, 1, 0, 0),
(5021429, 2000530, 816, -5884.72021484375, -4258.83984375, 322.100006103516, 3.86895990371704, 0, 0, 0.934592831, -0.355719328, 300, 300, 100, 1, 0, 0),
(5021430, 2000530, 816, -5937.39013671875, -4253.02978515625, 322.098999023438, 4.78393983840942, 0, 0, 0.68136267, -0.731945976, 300, 300, 100, 1, 0, 0),
(5021431, 1859, 816, -6539.68017578125, -4013.1201171875, 216.813995361328, 4.3471999168396, 0, 0, 0.823749324, -0.566954188, 300, 300, 100, 1, 0, 0),
(5021433, 20961, 816, -6202.4501953125, -3650.31005859375, 289.375, 0.0472012981772423, 0, 0, 0.0235984583, 0.999721518, 300, 300, 100, 1, 0, 0),
(5021434, 20961, 816, -6185.06982421875, -3838.3798828125, 252.539993286133, 5.41897010803223, 0, 0, 0.418785611, -0.908085135, 300, 300, 100, 1, 0, 0),
(5021435, 20961, 816, -6415.759765625, -3888.03002929688, 72.6003036499023, 1.75010001659393, 0, 0, 0.767575556, 0.640958474, 300, 300, 100, 1, 0, 0),
(5021442, 2004701, 816, -6170.25, -4353.93017578125, 266.167999267578, 1.73375999927521, 0, 0, 0.762313361, 0.647208111, 300, 300, 100, 1, 0, 0),
(5021444, 2001566, 816, -6164.490234375, -4353.0400390625, 266.1669921875, 3.30451989173889, 0, 0, 0.996683674, -0.0813735458, 300, 300, 100, 1, 0, 0),
(5021445, 2004229, 816, -6166.02001953125, -4357.7998046875, 266.167999267578, 2.99820995330811, 0, 0, 0.997431276, 0.0716299545, 300, 300, 100, 1, 0, 0),
(5021446, 2004229, 816, -6167.509765625, -4348.97998046875, 266.1669921875, 3.86607003211975, 0, 0, 0.935105847, -0.354368531, 300, 300, 100, 1, 0, 0),
(5021447, 2010586, 816, -6164.6201171875, -4354.47021484375, 267.945007324219, 3.12779998779297, 0, 0, 0.99997622, 0.00689627823, 300, 300, 100, 1, 0, 0),
(5021448, 2004235, 816, -6164.16015625, -4353.919921875, 267.945007324219, 3.75454998016357, 0, 0, 0.953401877, -0.301703265, 300, 300, 100, 1, 0, 0),
(5021449, 2004238, 816, -6164.85986328125, -4353.81005859375, 267.945007324219, 3.05554008483887, 0, 0, 0.999074512, 0.0430130101, 300, 300, 100, 1, 0, 0),
(5021450, 2004236, 816, -6164.1298828125, -4353.22021484375, 267.945007324219, 2.66049003601074, 0, 0, 0.97120678, 0.238238097, 300, 300, 100, 1, 0, 0),
(5021451, 2004234, 816, -6164.81005859375, -4353.22021484375, 267.945007324219, 2.47119998931885, 0, 0, 0.944345743, 0.328954582, 300, 300, 100, 1, 0, 0),
(5021452, 2004235, 816, -6165.33984375, -4353.6201171875, 267.945007324219, 3.20319008827209, 0, 0, 0.999525757, -0.0307938485, 300, 300, 100, 1, 0, 0),
(5021453, 2004236, 816, -6165.27978515625, -4354.60009765625, 267.945007324219, 2.29449009895325, 0, 0, 0.911635115, 0.411000507, 300, 300, 100, 1, 0, 0),
(5021454, 2004001, 816, -6164.14013671875, -4352.669921875, 267.946014404297, 2.34397006034851, 0, 0, 0.921523246, 0.388323199, 300, 300, 100, 1, 0, 0),
(5021455, 2004234, 816, -6164.43017578125, -4351.97998046875, 267.946014404297, 3.80481004714966, 0, 0, 0.945519833, -0.325564504, 300, 300, 100, 1, 0, 0),
(5021456, 2004000, 816, -6164.2998046875, -4351.43017578125, 267.945007324219, 2.98829007148743, 0, 0, 0.997063728, 0.0765762533, 300, 300, 100, 1, 0, 0),
(5021457, 2004236, 816, -6164.93017578125, -4351.64013671875, 267.945007324219, 4.01167011260986, 0, 0, 0.906853721, -0.421445524, 300, 300, 100, 1, 0, 0),
(5021458, 2004238, 816, -6165.3798828125, -4351.759765625, 267.945007324219, 2.76763010025024, 0, 0, 0.982569873, 0.18589364, 300, 300, 100, 1, 0, 0),
(5021459, 2004240, 816, -6165.18017578125, -4351.35009765625, 267.946014404297, 4.50141000747681, 0, 0, 0.777630139, -0.628722011, 300, 300, 100, 1, 0, 0),
(5021460, 2010586, 816, -6165.759765625, -4351.56005859375, 267.946014404297, 3.21661996841431, 0, 0, 0.999296445, -0.0375048594, 300, 300, 100, 1, 0, 0),
(5021461, 2004236, 816, -6165.830078125, -4352.14013671875, 267.945007324219, 4.03736019134522, 0, 0, 0.901365573, -0.433059007, 300, 300, 100, 1, 0, 0),
(5021462, 2004236, 816, -6165.1201171875, -4352.18994140625, 267.945007324219, 3.86613988876343, 0, 0, 0.935093468, -0.354401192, 300, 300, 100, 1, 0, 0),
(5021463, 2004236, 816, -6164.7001953125, -4352.6298828125, 267.945007324219, 3.08073997497559, 0, 0, 0.999537155, 0.0304216449, 300, 300, 100, 1, 0, 0),
(5021464, 2010586, 816, -6165.43994140625, -4352.75, 267.946014404297, 4.4575400352478, 0, 0, 0.791232973, -0.611514826, 300, 300, 100, 1, 0, 0),
(5021465, 2004234, 816, -6165.830078125, -4352.83984375, 267.946014404297, 5.41337013244629, 0, 0, 0.421326593, -0.906908982, 300, 300, 100, 1, 0, 0),
(5021466, 2003456, 816, -6166.93994140625, -4353.35986328125, 266.721984863281, 0.115856997668743, 0, 0, 0.0578961057, 0.998322614, 300, 300, 100, 1, 0, 0),
(5021467, 2003457, 816, -6166.89013671875, -4352.18017578125, 266.721984863281, 1.42982995510101, 0, 0, 0.655553214, 0.755148981, 300, 300, 100, 1, 0, 0),
(5021468, 2003457, 816, -6167.25, -4352.0400390625, 266.721984863281, 3.62108993530273, 0, 0, 0.971397693, -0.237458464, 300, 300, 100, 1, 0, 0),
(5021469, 2003459, 816, -6166.75, -4350.85986328125, 266.721984863281, 5.51467990875244, 0, 0, 0.374866435, -0.927078829, 300, 300, 100, 1, 0, 0),
(5021470, 2003457, 816, -6166.419921875, -4354.06005859375, 266.721984863281, 0.691550016403198, 0, 0, 0.338925917, 0.940813065, 300, 300, 100, 1, 0, 0),
(5021471, 2003459, 816, -6166.52001953125, -4355.14013671875, 266.721984863281, 6.23253011703491, 0, 0, 0.0253248873, -0.999679274, 300, 300, 100, 1, 0, 0),
(5021472, 2003458, 816, -6165.4599609375, -4356.2099609375, 266.721984863281, 2.24271011352539, 0, 0, 0.90068999, 0.434462359, 300, 300, 100, 1, 0, 0),
(5021473, 2004234, 816, -6166.27978515625, -4356.1298828125, 266.721984863281, 1.03041994571686, 0, 0, 0.492717576, 0.870189284, 300, 300, 100, 1, 0, 0),
(5021474, 2004235, 816, -6166.240234375, -4354.4501953125, 266.722991943359, 1.32887005805969, 0, 0, 0.616614449, 0.78726528, 300, 300, 100, 1, 0, 0),
(5021475, 2004236, 816, -6166.490234375, -4352.66015625, 266.722991943359, 0.586667001247406, 0, 0, 0.289144937, 0.957285331, 300, 300, 100, 1, 0, 0),
(5021476, 2004234, 816, -6167.1298828125, -4351.47998046875, 266.722991943359, 0.0368884988129139, 0, 0, 0.0184432037, 0.99982991, 300, 300, 100, 1, 0, 0),
(5021477, 2004234, 816, -6165.85009765625, -4350.9501953125, 266.721984863281, 6.21796989440918, 0, 0, 0.0326019283, -0.999468416, 300, 300, 100, 1, 0, 0),
(5021478, 2004229, 816, -6172.6298828125, -4358.330078125, 266.167999267578, 0.908675014972687, 0, 0, 0.438867126, 0.898551972, 300, 300, 100, 1, 0, 0),
(5021480, 2004229, 816, -6173.9599609375, -4350.35009765625, 266.167999267578, 5.68389987945557, 0, 0, 0.295178859, -0.955442013, 300, 300, 100, 1, 0, 0),
(5021765, 179598, 816, -3900.32006835938, -3035.01000976563, 11.0339002609253, 1.00955998897553, 0, 0, 0.483614885, 0.875280894, 300, 300, 100, 1, 0, 0),
(5022236, 2006049, 816, -6086.5, -4289.72998046875, 324.425994873047, 2.80185008049011, 0, 0, 0.985606535, 0.16905549, 300, 300, 100, 1, 0, 0),
(5025073, 1859, 816, -3922.98999023438, -2958.5, 12.523099899292, 5.52402019500732, 0, 0, 0.370532772, -0.928819393, 300, 300, 100, 1, 0, 0),
(5025089, 2020198, 816, -6599.31005859375, -3984.6298828125, 218.973999023438, 5.10933017730713, 0, 0, 0.55380539, -0.832646138, 300, 300, 100, 1, 0, 0),
(5025093, 2020197, 816, -6293.27001953125, -4092.2900390625, 265.118011474609, 4.63495016098023, 0, 0, 0.733948719, -0.679204886, 300, 300, 100, 1, 0, 0),
(5025266, 2020214, 816, -6096.1201171875, -4143.18017578125, 323.299011230469, 2.79778003692627, 0, 0, 0.985260463, 0.171060869, 300, 300, 100, 1, 0, 0),
(5025267, 2020215, 816, -6120.68994140625, -4178.830078125, 323.299011230469, 1.33694994449615, 0, 0, 0.619789916, 0.784767775, 300, 300, 100, 1, 0, 0),
(5025271, 2020216, 816, -5998.4599609375, -3610.09008789063, 327.444000244141, 4.72066020965576, 0, 0, 0.704176421, -0.710025047, 300, 300, 100, 1, 0, 0),
(5025290, 2020220, 816, -6594.77978515625, -3988.18994140625, 216.962005615234, 4.72636985778809, 0, 0, 0.702146558, -0.712032451, 300, 300, 100, 1, 0, 0),
(5025291, 2020219, 816, -6130.4501953125, -4372.22998046875, 266.167999267578, 2.79738998413086, 0, 0, 0.985227082, 0.171253018, 300, 300, 100, 1, 0, 0),
(5025418, 2020232, 816, -6120.16015625, -4403.580078125, 300.977996826172, 3.19250011444092, 0, 0, 0.999676071, -0.025450982, 300, 300, 100, 1, 1, 533.33),
(5026070, 2003227, 816, -6268.8798828125, -3885.830078125, 73.7443008422852, 3.16946005821228, 0, 0, 0.999902928, -0.0139332514, 300, 300, 100, 1, 0, 0),
(5026071, 2003227, 816, -6268.89013671875, -3881.80004882813, 73.7451019287109, 6.23643016815186, 0, 0, 0.0233754402, -0.999726757, 300, 300, 100, 1, 0, 0),
(5026072, 2003227, 816, -6269.06005859375, -3877.75, 73.745002746582, 0.133890002965927, 0, 0, 0.0668950089, 0.99776002, 300, 300, 100, 1, 0, 0),
(5026094, 2020252, 816, -4471.2099609375, -3155.11010742188, 144.934997558594, 0.0449220985174179, 0, 0, 0.0224591607, 0.999747761, 300, 300, 100, 1, 0, 0),
(5027775, 2020280, 816, -3823.71997070313, -3126.92993164063, 12.8765001296997, 0.334895998239517, 0, 0, 0.166666588, 0.986013311, 300, 300, 100, 1, 0, 0),
(5027776, 2020280, 816, -3983.57006835938, -3069.19995117188, 11.1076002120972, 3.10735011100769, 0, 0, 0.999853435, 0.0171204348, 300, 300, 100, 1, 0, 0),
(5027777, 2020280, 816, -4161.60009765625, -3167.56005859375, 7.14719009399414, 2.77119994163513, 0, 0, 0.982900113, 0.184139535, 300, 300, 100, 1, 0, 0),
(5027779, 2020280, 816, -4290.81982421875, -2913.92993164063, 16.5998001098633, 2.89853000640869, 0, 0, 0.992624154, 0.121232378, 300, 300, 100, 1, 0, 0),
(5027945, 2020277, 816, -4657.580078125, -3118.48999023438, 301.898986816406, 2.41268992424011, 0, 0, 0.934319456, 0.356436747, 300, 300, 100, 1, 0, 0),
(2816000, 3002965, 0, -3812.28, -3595.8, -45.95, 4.71591, 0.0, 0.0, 0.705861, -0.708351, 300, 300, 100, 1, 0, 0.0),
(2816001, 3002965, 816, -6095.64, -3630.84, 241.63, 6.2659, 0.0, 0.0, 0.00864462, -0.999963, 300, 300, 100, 1, 0, 0.0);

-- ==============================================
-- FILE: gameobject_template_dragonmaw.sql
-- GENERATED: 20260529182210
-- ==============================================
INSERT INTO `gameobject_template`
(
    `entry`,
    `type`,
    `displayId`,
    `name`,
    `faction`,
    `flags`,
    `size`,
    `data0`,
    `data1`,
    `data2`,
    `data3`,
    `data4`,
    `data5`,
    `data6`,
    `data7`,
    `data8`,
    `data9`,
    `data10`,
    `data11`,
    `data12`,
    `data13`,
    `data14`,
    `data15`,
    `data16`,
    `data17`,
    `data18`,
    `data19`,
    `data20`,
    `data21`,
    `data22`,
    `data23`,
    `mingold`,
    `maxgold`,
    `phase_quest_id`,
    `script_name`
)
VALUES
(3002965, 5, 23442, 'World GENERIC ACTIVEDOODADS INSTANCEPORTAL InstancePortal.mdx', 0, 0, 2.5, 0, 0, 0, 0, 0, 0, 0, 0, 0, 0, 0, 0, 0, 0, 0, 0, 0, 0, 0, 0, 0, 0, 0, 0, 0, 0, 0, '');

-- ==============================================
-- FILE: scale_dragonmaw.sql
-- GENERATED: 20260529182210
-- ==============================================
UPDATE creature_template
SET scale = 1.149999976158142
WHERE entry = 1010;

UPDATE creature_template
SET scale = 0.8500000238418579
WHERE entry = 1042;

UPDATE creature_template
SET scale = 1.2999999523162842
WHERE entry = 1048;

UPDATE creature_template
SET scale = 1.25
WHERE entry = 1049;

UPDATE creature_template
SET scale = 0.699999988079071
WHERE entry = 1172;

UPDATE creature_template
SET scale = 0.8500000238418579
WHERE entry = 1173;

UPDATE creature_template
SET scale = 0.4699999988079071
WHERE entry = 1417;

UPDATE creature_template
SET scale = 0.699999988079071
WHERE entry = 6017;

UPDATE creature_template
SET scale = 0.800000011920929
WHERE entry = 10116;

UPDATE creature_template
SET scale = 0.20000000298023224
WHERE entry = 14881;

UPDATE creature_template
SET scale = 1.5
WHERE entry = 61890;

UPDATE creature_template
SET scale = 1.600000023841858
WHERE entry = 61893;

UPDATE creature_template
SET scale = 1.2000000476837158
WHERE entry = 62037;

UPDATE creature_template
SET scale = 1.100000023841858
WHERE entry = 62038;

UPDATE creature_template
SET scale = 1.100000023841858
WHERE entry = 62052;

UPDATE creature_template
SET scale = 1.2000000476837158
WHERE entry = 62054;

UPDATE creature_template
SET scale = 1.2999999523162842
WHERE entry = 62055;

UPDATE creature_template
SET scale = 1.2999999523162842
WHERE entry = 62056;

UPDATE creature_template
SET scale = 1.600000023841858
WHERE entry = 62057;

UPDATE creature_template
SET scale = 2.0
WHERE entry = 62066;

UPDATE creature_template
SET scale = 2.5199999809265137
WHERE entry = 62068;

UPDATE creature_template
SET scale = 0.800000011920929
WHERE entry = 62073;

UPDATE creature_template
SET scale = 0.699999988079071
WHERE entry = 62074;

UPDATE creature_template
SET scale = 0.8999999761581421
WHERE entry = 62075;

UPDATE creature_template
SET scale = 1.2999999523162842
WHERE entry = 62078;

UPDATE creature_template
SET scale = 1.1399999856948853
WHERE entry = 62263;

UPDATE creature_template
SET scale = 1.2000000476837158
WHERE entry = 91291;

UPDATE gameobject_template
SET size = 0.30000001192092896
WHERE entry = 1620;

UPDATE gameobject_template
SET size = 0.699999988079071
WHERE entry = 1622;

UPDATE gameobject_template
SET size = 0.4000000059604645
WHERE entry = 1624;

UPDATE gameobject_template
SET size = 0.5
WHERE entry = 1731;

UPDATE gameobject_template
SET size = 0.5
WHERE entry = 1732;

UPDATE gameobject_template
SET size = 0.5
WHERE entry = 1733;

UPDATE gameobject_template
SET size = 0.5
WHERE entry = 1734;

UPDATE gameobject_template
SET size = 0.5
WHERE entry = 1735;

UPDATE gameobject_template
SET size = 0.6000000238418579
WHERE entry = 2041;

UPDATE gameobject_template
SET size = 2.0
WHERE entry = 180322;

UPDATE gameobject_template
SET size = 0.800000011920929
WHERE entry = 2001566;

UPDATE gameobject_template
SET size = 2.0
WHERE entry = 2003227;

UPDATE gameobject_template
SET size = 4.0
WHERE entry = 2010866;

UPDATE gameobject_template
SET size = 0.4000000059604645
WHERE entry = 2020197;

UPDATE gameobject_template
SET size = 2.0
WHERE entry = 2020214;

UPDATE gameobject_template
SET size = 2.0
WHERE entry = 2020215;

UPDATE gameobject_template
SET size = 2.0
WHERE entry = 2020216;

UPDATE gameobject_template
SET size = 1.7999999523162842
WHERE entry = 2020219;

UPDATE gameobject_template
SET size = 1.399999976158142
WHERE entry = 2020220;

UPDATE gameobject_template
SET size = 1.149999976158142
WHERE entry = 2020232;

UPDATE gameobject_template
SET size = 0.9097890257835388
WHERE entry = 2020251;

UPDATE gameobject_template
SET size = 0.20000000298023224
WHERE entry = 2020277;

UPDATE gameobject_template
SET size = 0.4000000059604645
WHERE entry = 2020280;

UPDATE gameobject_template
SET size = 2.5
WHERE entry = 3002965;


-- ==============================================
-- FILE: torkon_update.sql
-- GENERATED: 20260529182210
-- ==============================================
INSERT INTO `creature_spells`
    (`entry`, `name`,
     `spellId_1`, `probability_1`, `castTarget_1`, `targetParam1_1`, `targetParam2_1`, `castFlags_1`, `delayInitialMin_1`, `delayInitialMax_1`, `delayRepeatMin_1`, `delayRepeatMax_1`,
     `spellId_2`, `probability_2`, `castTarget_2`, `targetParam1_2`, `targetParam2_2`, `castFlags_2`, `delayInitialMin_2`, `delayInitialMax_2`, `delayRepeatMin_2`, `delayRepeatMax_2`,
     `spellId_3`, `probability_3`, `castTarget_3`, `targetParam1_3`, `targetParam2_3`, `castFlags_3`, `delayInitialMin_3`, `delayInitialMax_3`, `delayRepeatMin_3`, `delayRepeatMax_3`,
     `spellId_4`, `probability_4`, `castTarget_4`, `targetParam1_4`, `targetParam2_4`, `castFlags_4`, `delayInitialMin_4`, `delayInitialMax_4`, `delayRepeatMin_4`, `delayRepeatMax_4`,
     `spellId_5`, `probability_5`, `castTarget_5`, `targetParam1_5`, `targetParam2_5`, `castFlags_5`, `delayInitialMin_5`, `delayInitialMax_5`, `delayRepeatMin_5`, `delayRepeatMax_5`)
VALUES
    (62067, 'Dragonmaw Retreat - Web Master Torkon',
     5416, 100, 1, 0, 0, 64, 0, 1, 10, 14,
     3815, 100, 4, 257, 0, 0, 3, 5, 18, 22,
     0, 100, 1, 0, 0, 0, 0, 0, 0, 0,
     0, 100, 1, 0, 0, 0, 0, 0, 0, 0,
     0, 100, 1, 0, 0, 0, 0, 0, 0, 0);

UPDATE `creature_template` SET `spell_list_id` = `entry`, `script_name` = '' WHERE `entry` = 62067;

-- ==============================================
-- FILE: voice_lines.sql
-- GENERATED: 20260529182210
-- ==============================================
INSERT INTO `sound_entries` (`id`, `name`) VALUES
(60492, 'Garlok_aggro'),
(60493, 'Garlok_half'),
(60494, 'Garlok_death'),
(60495, 'Redbrand_aggro'),
(60496, 'Redbrand_half'),
(60497, 'Redbrand_death'),
(60498, 'Sear_aggro'),
(60499, 'Sear_half'),
(60500, 'Sear_death'),
(60501, 'Slag_Aggro'),
(60502, 'Slag_half'),
(60503, 'Slag_death'),
(60504, 'Zulu_aggro'),
(60505, 'Zulu_drain'),
(60506, 'Zulu_mindcontrol'),
(60507, 'Zulu_death'),
(60520, 'Torkon_aggro'),
(60521, 'Torkon_half'),
(60522, 'Torkon_death'),
(60523, 'Blackheart_aggro'),
(60524, 'Blackheart_half'),
(60525, 'Blackheart_death'),
(60526, 'Sear_enchant'),
(60527, 'Gowlfang_aggro'),
(60528, 'Gowlfang_half'),
(60529, 'Gowlfang_death'),
(60592, 'Hollowblood_Aggro'),
(60593, 'Hollowblood_Cast'),
(60594, 'Hollowblood_Death')
ON DUPLICATE KEY UPDATE `name` = VALUES(`name`);

INSERT INTO `script_texts` (`entry`, `content_default`, `sound`, `type`, `language`, `emote`, `comment`) VALUES
(-1999880, 'Who messes with Mosshide? We gnolls are strongest!', 60527, 1, 0, 0, 'Dragonmaw Retreat - Gowlfang - Aggro'),
(-1999881, 'No one defeats Gowlfang, I am leader!', 60528, 1, 0, 0, 'Dragonmaw Retreat - Gowlfang - 50% Health'),
(-1999882, 'Mosshide is mine! No-no one else...', 60529, 1, 0, 0, 'Dragonmaw Retreat - Gowlfang - Death'),
(-1999883, 'You won''t interrupt my plans...', 60520, 1, 0, 0, 'Dragonmaw Retreat - Web Master Torkon - Aggro'),
(-1999884, 'The brood will live on, my work will not end here!', 60521, 1, 0, 0, 'Dragonmaw Retreat - Web Master Torkon - 50% Health'),
(-1999885, 'Pointless...', 60522, 1, 0, 0, 'Dragonmaw Retreat - Web Master Torkon - Death'),
(-1999886, 'I have been tasked to keep our sacred flame, do not test me!', 60492, 1, 0, 0, 'Dragonmaw Retreat - Garlok Flamekeeper - Aggro'),
(-1999887, 'You have no place here!', 60493, 1, 0, 0, 'Dragonmaw Retreat - Garlok Flamekeeper - 50% Health'),
(-1999888, 'My duty... Is failed...', 60494, 1, 0, 0, 'Dragonmaw Retreat - Garlok Flamekeeper - Death'),
(-1999889, 'The destiny of our clan is set in stone, you can not change fate.', 60592, 0, 0, 0, 'Dragonmaw Retreat - Elder Hollowblood - Aggro'),
(-1999890, 'Behold, the power of the elements!', 60593, 0, 0, 0, 'Dragonmaw Retreat - Elder Hollowblood - 50% Health'),
(-1999891, 'My legacy...', 60594, 0, 0, 0, 'Dragonmaw Retreat - Elder Hollowblood - Death'),
(-1999892, 'More Slaves? How fortunate for you to deliver yourself to me!', 60523, 1, 0, 0, 'Dragonmaw Retreat - Overlord Blackheart - Aggro'),
(-1999893, 'Get into order, maggots!', 60524, 1, 0, 0, 'Dragonmaw Retreat - Overlord Blackheart - 50% Health'),
(-1999894, 'Overlord Blackheart begins to laugh maniacally.', 60525, 2, 0, 0, 'Dragonmaw Retreat - Overlord Blackheart - Death'),
(-1999895, 'Unidentified intruder detected.', 60501, 1, 0, 0, 'Dragonmaw Retreat - Slagfist Destroyer - Aggro'),
(-1999896, 'Execute destruction measure 13.', 60502, 1, 0, 0, 'Dragonmaw Retreat - Slagfist Destroyer - 50% Health'),
(-1999897, 'Protocal failure...', 60503, 1, 0, 0, 'Dragonmaw Retreat - Slagfist Destroyer - Death'),
(-1999898, 'These halls are a sacred place, you can go no further.', 60495, 1, 0, 0, 'Dragonmaw Retreat - Halgan Redbrand - Aggro'),
(-1999899, 'I shall not falter.', 60496, 1, 0, 0, 'Dragonmaw Retreat - Halgan Redbrand - 50% Health'),
(-1999900, 'To the great... Beyond.', 60497, 1, 0, 0, 'Dragonmaw Retreat - Halgan Redbrand - Death'),
(-1999901, 'This sanctum is mine... Begone from this place.', 60498, 1, 0, 0, 'Dragonmaw Retreat - Searistrasz - Aggro'),
(-1999902, 'The enchanted flame has left! Who dares mess with my power?!', 60526, 1, 0, 0, 'Dragonmaw Retreat - Searistrasz - Enchanted Flame Removed'),
(-1999903, 'Bathe in fire, and fury.', 60499, 1, 0, 0, 'Dragonmaw Retreat - Searistrasz - 50% Health'),
(-1999904, 'I am... Free, once again.', 60500, 1, 0, 0, 'Dragonmaw Retreat - Searistrasz - Death'),
(-1999905, 'The Dragonmaw Clan shall live forever!', 60504, 1, 0, 0, 'Dragonmaw Retreat - Zuluhed the Whacked - Aggro'),
(-1999906, 'You are under MY command!', 60506, 1, 0, 0, 'Dragonmaw Retreat - Zuluhed the Whacked - Soul Domination'),
(-1999907, 'Your power is mine!', 60505, 1, 0, 0, 'Dragonmaw Retreat - Zuluhed the Whacked - Withering Soul'),
(-1999908, 'The Dragonmaw will never be destroyed... Another will take my place, whelps!', 60507, 1, 0, 0, 'Dragonmaw Retreat - Zuluhed the Whacked - Death');

INSERT INTO `creature_ai_events` (`id`, `creature_id`, `condition_id`, `event_type`, `event_inverse_phase_mask`, `event_chance`, `event_flags`, `event_param1`, `event_param2`, `event_param3`, `event_param4`, `action1_script`, `action2_script`, `action3_script`, `comment`) VALUES
(6206701, 62067, 0, 4, 0, 100, 0, 0, 0, 0, 0, 6206701, 0, 0, 'Dragonmaw Retreat - Web Master Torkon - Aggro Line'),
(6206702, 62067, 0, 2, 0, 100, 0, 50, 0, 0, 0, 6206702, 0, 0, 'Dragonmaw Retreat - Web Master Torkon - 50% Health Line'),
(6206703, 62067, 0, 6, 0, 100, 0, 0, 0, 0, 0, 6206703, 0, 0, 'Dragonmaw Retreat - Web Master Torkon - Death Line'),
(6207101, 62071, 0, 4, 0, 100, 0, 0, 0, 0, 0, 6207101, 0, 0, 'Dragonmaw Retreat - Garlok Flamekeeper - Aggro Line'),
(6207102, 62071, 0, 2, 0, 100, 0, 50, 0, 0, 0, 6207102, 0, 0, 'Dragonmaw Retreat - Garlok Flamekeeper - 50% Health Line'),
(6207103, 62071, 0, 6, 0, 100, 0, 0, 0, 0, 0, 6207103, 0, 0, 'Dragonmaw Retreat - Garlok Flamekeeper - Death Line'),
(6203801, 62038, 0, 4, 0, 100, 0, 0, 0, 0, 0, 6203801, 0, 0, 'Dragonmaw Retreat - Elder Hollowblood - Aggro Line'),
(6203802, 62038, 0, 2, 0, 100, 0, 50, 0, 0, 0, 6203802, 0, 0, 'Dragonmaw Retreat - Elder Hollowblood - 50% Health Line'),
(6203803, 62038, 0, 6, 0, 100, 0, 0, 0, 0, 0, 6203803, 0, 0, 'Dragonmaw Retreat - Elder Hollowblood - Death Line'),
(6207001, 62070, 0, 4, 0, 100, 0, 0, 0, 0, 0, 6207001, 0, 0, 'Dragonmaw Retreat - Overlord Blackheart - Aggro Line'),
(6207002, 62070, 0, 2, 0, 100, 0, 50, 0, 0, 0, 6207002, 0, 0, 'Dragonmaw Retreat - Overlord Blackheart - 50% Health Line'),
(6207003, 62070, 0, 6, 0, 100, 0, 0, 0, 0, 0, 6207003, 0, 0, 'Dragonmaw Retreat - Overlord Blackheart - Death Line'),
(6206801, 62068, 0, 4, 0, 100, 0, 0, 0, 0, 0, 6206801, 0, 0, 'Dragonmaw Retreat - Slagfist Destroyer - Aggro Line'),
(6206802, 62068, 0, 2, 0, 100, 0, 50, 0, 0, 0, 6206802, 0, 0, 'Dragonmaw Retreat - Slagfist Destroyer - 50% Health Line'),
(6206803, 62068, 0, 6, 0, 100, 0, 0, 0, 0, 0, 6206803, 0, 0, 'Dragonmaw Retreat - Slagfist Destroyer - Death Line');

INSERT INTO `creature_ai_scripts` (`id`, `delay`, `priority`, `command`, `datalong`, `datalong2`, `datalong3`, `datalong4`, `target_param1`, `target_param2`, `target_type`, `data_flags`, `dataint`, `dataint2`, `dataint3`, `dataint4`, `x`, `y`, `z`, `o`, `condition_id`, `comments`) VALUES
(6206701, 0, 0, 0, 0, 0, 0, 0, 0, 0, 0, 0, -1999883, 0, 0, 0, 0, 0, 0, 0, 0, 'Dragonmaw Retreat - Web Master Torkon - Aggro Line'),
(6206702, 0, 0, 0, 0, 0, 0, 0, 0, 0, 0, 0, -1999884, 0, 0, 0, 0, 0, 0, 0, 0, 'Dragonmaw Retreat - Web Master Torkon - 50% Health Line'),
(6206703, 0, 0, 0, 0, 0, 0, 0, 0, 0, 0, 0, -1999885, 0, 0, 0, 0, 0, 0, 0, 0, 'Dragonmaw Retreat - Web Master Torkon - Death Line'),
(6207101, 0, 0, 0, 0, 0, 0, 0, 0, 0, 0, 0, -1999886, 0, 0, 0, 0, 0, 0, 0, 0, 'Dragonmaw Retreat - Garlok Flamekeeper - Aggro Line'),
(6207102, 0, 0, 0, 0, 0, 0, 0, 0, 0, 0, 0, -1999887, 0, 0, 0, 0, 0, 0, 0, 0, 'Dragonmaw Retreat - Garlok Flamekeeper - 50% Health Line'),
(6207103, 0, 0, 0, 0, 0, 0, 0, 0, 0, 0, 0, -1999888, 0, 0, 0, 0, 0, 0, 0, 0, 'Dragonmaw Retreat - Garlok Flamekeeper - Death Line'),
(6203801, 0, 0, 0, 0, 0, 0, 0, 0, 0, 0, 0, -1999889, 0, 0, 0, 0, 0, 0, 0, 0, 'Dragonmaw Retreat - Elder Hollowblood - Aggro Line'),
(6203802, 0, 0, 0, 0, 0, 0, 0, 0, 0, 0, 0, -1999890, 0, 0, 0, 0, 0, 0, 0, 0, 'Dragonmaw Retreat - Elder Hollowblood - 50% Health Line'),
(6203803, 0, 0, 0, 0, 0, 0, 0, 0, 0, 0, 0, -1999891, 0, 0, 0, 0, 0, 0, 0, 0, 'Dragonmaw Retreat - Elder Hollowblood - Death Line'),
(6207001, 0, 0, 0, 0, 0, 0, 0, 0, 0, 0, 0, -1999892, 0, 0, 0, 0, 0, 0, 0, 0, 'Dragonmaw Retreat - Overlord Blackheart - Aggro Line'),
(6207002, 0, 0, 0, 0, 0, 0, 0, 0, 0, 0, 0, -1999893, 0, 0, 0, 0, 0, 0, 0, 0, 'Dragonmaw Retreat - Overlord Blackheart - 50% Health Line'),
(6207003, 0, 0, 0, 0, 0, 0, 0, 0, 0, 0, 0, -1999894, 0, 0, 0, 0, 0, 0, 0, 0, 'Dragonmaw Retreat - Overlord Blackheart - Death Line'),
(6206801, 0, 0, 0, 0, 0, 0, 0, 0, 0, 0, 0, -1999895, 0, 0, 0, 0, 0, 0, 0, 0, 'Dragonmaw Retreat - Slagfist Destroyer - Aggro Line'),
(6206802, 0, 0, 0, 0, 0, 0, 0, 0, 0, 0, 0, -1999896, 0, 0, 0, 0, 0, 0, 0, 0, 'Dragonmaw Retreat - Slagfist Destroyer - 50% Health Line'),
(6206803, 0, 0, 0, 0, 0, 0, 0, 0, 0, 0, 0, -1999897, 0, 0, 0, 0, 0, 0, 0, 0, 'Dragonmaw Retreat - Slagfist Destroyer - Death Line');

-- ==============================================
-- FILE: z_dragonmaw_special.sql
-- GENERATED: 20260529182210
-- ==============================================
INSERT INTO `creature_ai_events` (`id`, `creature_id`, `condition_id`, `event_type`, `event_inverse_phase_mask`, `event_chance`, `event_flags`, `event_param1`, `event_param2`, `event_param3`, `event_param4`, `action1_script`, `action2_script`, `action3_script`, `comment`) VALUES
(6203601, 62036, 0, 1, 0, 100, 0, 1000, 1000, 0, 0, 6203601, 0, 0, 'Dragonmaw Bonespeaker - Summon Skeleton on Spawn');

INSERT INTO `creature_ai_scripts` (`id`, `delay`, `priority`, `command`, `datalong`, `datalong2`, `datalong3`, `datalong4`, `target_param1`, `target_param2`, `target_type`, `data_flags`, `dataint`, `dataint2`, `dataint3`, `dataint4`, `x`, `y`, `z`, `o`, `condition_id`, `comments`) VALUES
(6203601, 0, 0, 15, 8853, 0, 0, 0, 0, 0, 0, 4, 0, 0, 0, 0, 0, 0, 0, 0, 0, 'Dragonmaw Bonespeaker - Cast Spell Summon Skeleton');

UPDATE `creature_template`
SET `ai_name` = '',
    `script_name` = '',
    `auras` = '22766'
WHERE `entry` = 62074;

